Dates;InfectadosNoVacunados;InfectadosPrimeraDosis;InfectadosEsquemaCompleto;InfectadosDosisRefuerzo;InfectadosTotal;HospitalizadosNoVacunados;HospitalizadosPrimeraDosis;HospitalizadosEsquemaCompleto;HospitalizadosDosisRefuerzo;HospitalizadosTotal;MuertesNoVacunados;MuertesPrimeraDosis;MuertesEsquemaCompleto;MuertesDosisRefuerzo;MuertesTotal
6/03/2020 0:00;0;0;0;0;0;0;0;0;0;0;0;0;0;0;0
7/03/2020 0:00;1;0;0;0;1;1;0;0;0;1;0;0;0;0;0
8/03/2020 0:00;1;0;0;0;1;1;0;0;0;1;0;0;0;0;0
9/03/2020 0:00;1;0;0;0;1;1;0;0;0;1;0;0;0;0;0
10/03/2020 0:00;3;0;0;0;3;2;0;0;0;2;0;0;0;0;0
11/03/2020 0:00;3;0;0;0;3;2;0;0;0;2;0;0;0;0;0
12/03/2020 0:00;9;0;0;0;9;5;0;0;0;5;1;0;0;0;1
13/03/2020 0:00;13;0;0;0;13;8;0;0;0;8;1;0;0;0;1
14/03/2020 0:00;17;0;0;0;17;10;0;0;0;10;1;0;0;0;1
15/03/2020 0:00;33;0;0;0;33;14;0;0;0;14;1;0;0;0;1
16/03/2020 0:00;53;0;0;0;53;19;0;0;0;19;2;0;0;0;2
17/03/2020 0:00;65;0;0;0;65;25;0;0;0;25;3;0;0;0;3
18/03/2020 0:00;91;0;0;0;91;29;0;0;0;29;3;0;0;0;3
19/03/2020 0:00;97;0;0;0;97;34;0;0;0;34;2;0;0;0;2
20/03/2020 0:00;119;0;0;0;119;46;0;0;0;46;2;0;0;0;2
21/03/2020 0:00;162;0;0;0;162;59;0;0;0;59;2;0;0;0;2
22/03/2020 0:00;180;0;0;0;180;70;0;0;0;70;2;0;0;0;2
23/03/2020 0:00;189;0;0;0;189;83;0;0;0;83;3;0;0;0;3
24/03/2020 0:00;248;0;0;0;248;98;0;0;0;98;3;0;0;0;3
25/03/2020 0:00;327;0;0;0;327;120;0;0;0;120;4;0;0;0;4
26/03/2020 0:00;376;0;0;0;376;137;0;0;0;137;8;0;0;0;8
27/03/2020 0:00;360;0;0;0;360;170;0;0;0;170;10;0;0;0;10
28/03/2020 0:00;361;0;0;0;361;194;0;0;0;194;13;0;0;0;13
29/03/2020 0:00;396;0;0;0;396;213;0;0;0;213;18;0;0;0;18
30/03/2020 0:00;462;0;0;0;462;250;0;0;0;250;17;0;0;0;17
31/03/2020 0:00;485;0;0;0;485;282;0;0;0;282;21;0;0;0;21
1/04/2020 0:00;488;0;0;0;488;323;0;0;0;323;25;0;0;0;25
2/04/2020 0:00;589;0;0;0;589;353;0;0;0;353;25;0;0;0;25
3/04/2020 0:00;677;0;0;0;677;362;0;0;0;362;30;0;0;0;30
4/04/2020 0:00;734;0;0;0;734;384;0;0;0;384;41;0;0;0;41
5/04/2020 0:00;804;0;0;0;804;394;0;0;0;394;52;0;0;0;52
6/04/2020 0:00;788;0;0;0;788;376;0;0;0;376;59;0;0;0;59
7/04/2020 0:00;790;0;0;0;790;371;0;0;0;371;66;0;0;0;66
8/04/2020 0:00;814;0;0;0;814;345;0;0;0;345;70;0;0;0;70
9/04/2020 0:00;998;0;0;0;998;328;0;0;0;328;71;0;0;0;71
10/04/2020 0:00;1073;0;0;0;1073;310;0;0;0;310;78;0;0;0;78
11/04/2020 0:00;1218;0;0;0;1218;283;0;0;0;283;69;0;0;0;69
12/04/2020 0:00;1314;0;0;0;1314;281;0;0;0;281;62;0;0;0;62
13/04/2020 0:00;1304;0;0;0;1304;268;0;0;0;268;66;0;0;0;66
14/04/2020 0:00;1281;0;0;0;1281;245;0;0;0;245;61;0;0;0;61
15/04/2020 0:00;1272;0;0;0;1272;242;0;0;0;242;63;0;0;0;63
16/04/2020 0:00;1052;0;0;0;1052;232;0;0;0;232;70;0;0;0;70
17/04/2020 0:00;1006;0;0;0;1006;224;0;0;0;224;72;0;0;0;72
18/04/2020 0:00;959;0;0;0;959;220;0;0;0;220;72;0;0;0;72
19/04/2020 0:00;910;0;0;0;910;218;0;0;0;218;76;0;0;0;76
20/04/2020 0:00;1016;0;0;0;1016;230;0;0;0;230;73;0;0;0;73
21/04/2020 0:00;1123;0;0;0;1123;231;0;0;0;231;76;0;0;0;76
22/04/2020 0:00;1175;0;0;0;1175;227;0;0;0;227;75;0;0;0;75
23/04/2020 0:00;1243;0;0;0;1243;225;0;0;0;225;72;0;0;0;72
24/04/2020 0:00;1311;0;0;0;1311;237;0;0;0;237;66;0;0;0;66
25/04/2020 0:00;1412;0;0;0;1412;244;0;0;0;244;76;0;0;0;76
26/04/2020 0:00;1489;0;0;0;1489;243;0;0;0;243;74;0;0;0;74
27/04/2020 0:00;1553;0;0;0;1553;268;0;0;0;268;83;0;0;0;83
28/04/2020 0:00;1588;0;0;0;1588;304;0;0;0;304;84;0;0;0;84
29/04/2020 0:00;1767;0;0;0;1767;301;0;0;0;301;87;0;0;0;87
30/04/2020 0:00;1833;0;0;0;1833;328;0;0;0;328;99;0;0;0;99
1/05/2020 0:00;1948;0;0;0;1948;356;0;0;0;356;115;0;0;0;115
2/05/2020 0:00;2122;0;0;0;2122;373;0;0;0;373;113;0;0;0;113
3/05/2020 0:00;2140;0;0;0;2140;406;0;0;0;406;123;0;0;0;123
4/05/2020 0:00;2322;0;0;0;2322;395;0;0;0;395;124;0;0;0;124
5/05/2020 0:00;2413;0;0;0;2413;397;0;0;0;397;134;0;0;0;134
6/05/2020 0:00;2701;0;0;0;2701;440;0;0;0;440;141;0;0;0;141
7/05/2020 0:00;2793;0;0;0;2793;457;0;0;0;457;145;0;0;0;145
8/05/2020 0:00;2981;0;0;0;2981;464;0;0;0;464;147;0;0;0;147
9/05/2020 0:00;3096;0;0;0;3096;493;0;0;0;493;156;0;0;0;156
10/05/2020 0:00;3261;0;0;0;3261;498;0;0;0;498;155;0;0;0;155
11/05/2020 0:00;3414;0;0;0;3414;538;0;0;0;538;155;0;0;0;155
12/05/2020 0:00;3660;0;0;0;3660;574;0;0;0;574;168;0;0;0;168
13/05/2020 0:00;3684;0;0;0;3684;589;0;0;0;589;161;0;0;0;161
14/05/2020 0:00;3985;0;0;0;3985;609;0;0;0;609;150;0;0;0;150
15/05/2020 0:00;4168;0;0;0;4168;623;0;0;0;623;145;0;0;0;145
16/05/2020 0:00;4177;0;0;0;4177;643;0;0;0;643;150;0;0;0;150
17/05/2020 0:00;4459;0;0;0;4459;675;0;0;0;675;150;0;0;0;150
18/05/2020 0:00;4529;0;0;0;4529;680;0;0;0;680;157;0;0;0;157
19/05/2020 0:00;4699;0;0;0;4699;693;0;0;0;693;151;0;0;0;151
20/05/2020 0:00;4679;0;0;0;4679;707;0;0;0;707;170;0;0;0;170
21/05/2020 0:00;4804;0;0;0;4804;754;0;0;0;754;188;0;0;0;188
22/05/2020 0:00;4773;0;0;0;4773;789;0;0;0;789;196;0;0;0;196
23/05/2020 0:00;4990;0;0;0;4990;790;0;0;0;790;215;0;0;0;215
24/05/2020 0:00;5281;0;0;0;5281;837;0;0;0;837;240;0;0;0;240
25/05/2020 0:00;5648;0;0;0;5648;884;0;0;0;884;256;0;0;0;256
26/05/2020 0:00;5729;0;0;0;5729;903;0;0;0;903;256;0;0;0;256
27/05/2020 0:00;6114;0;0;0;6114;934;0;0;0;934;276;0;0;0;276
28/05/2020 0:00;6443;0;0;0;6443;955;0;0;0;955;285;0;0;0;285
29/05/2020 0:00;7046;0;0;0;7046;957;0;0;0;957;298;0;0;0;298
30/05/2020 0:00;7566;0;0;0;7566;1012;0;0;0;1012;305;0;0;0;305
31/05/2020 0:00;8112;0;0;0;8112;1002;0;0;0;1002;314;0;0;0;314
1/06/2020 0:00;8247;0;0;0;8247;1018;0;0;0;1018;323;0;0;0;323
2/06/2020 0:00;8590;0;0;0;8590;1070;0;0;0;1070;350;0;0;0;350
3/06/2020 0:00;8851;0;0;0;8851;1107;0;0;0;1107;360;0;0;0;360
4/06/2020 0:00;9267;0;0;0;9267;1149;0;0;0;1149;406;0;0;0;406
5/06/2020 0:00;9741;0;0;0;9741;1217;0;0;0;1217;427;0;0;0;427
6/06/2020 0:00;9876;0;0;0;9876;1280;0;0;0;1280;454;0;0;0;454
7/06/2020 0:00;9682;0;0;0;9682;1334;0;0;0;1334;471;0;0;0;471
8/06/2020 0:00;9761;0;0;0;9761;1364;0;0;0;1364;498;0;0;0;498
9/06/2020 0:00;10085;0;0;0;10085;1429;0;0;0;1429;521;0;0;0;521
10/06/2020 0:00;10169;0;0;0;10169;1488;0;0;0;1488;543;0;0;0;543
11/06/2020 0:00;10262;0;0;0;10262;1516;0;0;0;1516;534;0;0;0;534
12/06/2020 0:00;10492;0;0;0;10492;1571;0;0;0;1571;553;0;0;0;553
13/06/2020 0:00;10291;0;0;0;10291;1568;0;0;0;1568;560;0;0;0;560
14/06/2020 0:00;11146;0;0;0;11146;1594;0;0;0;1594;575;0;0;0;575
15/06/2020 0:00;12208;0;0;0;12208;1628;0;0;0;1628;619;0;0;0;619
16/06/2020 0:00;12432;0;1;0;12433;1642;0;0;0;1642;648;0;0;0;648
17/06/2020 0:00;13345;0;1;0;13346;1699;0;0;0;1699;683;0;0;0;683
18/06/2020 0:00;13288;0;1;0;13289;1743;0;0;0;1743;722;0;0;0;722
19/06/2020 0:00;14408;0;1;0;14409;1772;0;0;0;1772;775;0;0;0;775
20/06/2020 0:00;16226;0;1;0;16227;1822;0;0;0;1822;807;0;0;0;807
21/06/2020 0:00;16531;0;1;0;16532;1844;0;0;0;1844;847;0;0;0;847
22/06/2020 0:00;17103;0;1;0;17104;1886;0;0;0;1886;875;0;0;0;875
23/06/2020 0:00;18480;0;0;0;18480;1927;0;0;0;1927;917;0;0;0;917
24/06/2020 0:00;19370;0;0;0;19370;1969;0;0;0;1969;943;0;0;0;943
25/06/2020 0:00;20623;0;0;0;20623;2065;0;0;0;2065;980;0;0;0;980
26/06/2020 0:00;21138;0;0;0;21138;2120;0;0;0;2120;994;0;0;0;994
27/06/2020 0:00;22646;0;0;0;22646;2195;0;0;0;2195;1026;0;0;0;1026
28/06/2020 0:00;24395;0;0;0;24395;2283;0;0;0;2283;1054;0;0;0;1054
29/06/2020 0:00;25393;0;0;0;25393;2351;0;0;0;2351;1053;0;0;0;1053
30/06/2020 0:00;24524;0;0;0;24524;2413;0;0;0;2413;1069;0;0;0;1069
1/07/2020 0:00;23460;0;0;0;23460;2499;0;0;0;2499;1090;0;0;0;1090
2/07/2020 0:00;25198;0;0;0;25198;2571;0;0;0;2571;1098;0;0;0;1098
3/07/2020 0:00;25927;0;0;0;25927;2699;0;0;0;2699;1127;0;0;0;1127
4/07/2020 0:00;25292;0;0;0;25292;2834;0;0;0;2834;1169;0;0;0;1169
5/07/2020 0:00;25509;0;0;0;25509;2954;0;0;0;2954;1173;0;0;0;1173
6/07/2020 0:00;25558;0;0;0;25558;3109;0;0;0;3109;1209;0;0;0;1209
7/07/2020 0:00;27021;0;0;0;27021;3348;0;0;0;3348;1250;0;0;0;1250
8/07/2020 0:00;30012;0;0;0;30012;3581;0;0;0;3581;1312;0;0;0;1312
9/07/2020 0:00;30238;0;0;0;30238;3790;0;0;0;3790;1357;0;0;0;1357
10/07/2020 0:00;32370;0;0;0;32370;4021;0;0;0;4021;1401;0;0;0;1401
11/07/2020 0:00;35996;0;0;0;35996;4210;0;0;0;4210;1424;0;0;0;1424
12/07/2020 0:00;38220;0;0;0;38220;4358;0;0;0;4358;1494;0;0;0;1494
13/07/2020 0:00;39956;0;0;0;39956;4491;0;0;0;4491;1532;0;0;0;1532
14/07/2020 0:00;43643;0;0;0;43643;4622;0;0;0;4622;1594;0;0;0;1594
15/07/2020 0:00;46402;0;0;0;46402;4696;0;0;0;4696;1604;0;0;0;1604
16/07/2020 0:00;48729;0;0;0;48729;4796;0;0;0;4796;1655;0;0;0;1655
17/07/2020 0:00;49953;0;0;0;49953;4842;0;0;0;4842;1689;0;0;0;1689
18/07/2020 0:00;45969;0;0;0;45969;4937;0;0;0;4937;1777;0;0;0;1777
19/07/2020 0:00;45091;0;0;0;45091;5046;0;0;0;5046;1828;0;0;0;1828
20/07/2020 0:00;47372;0;1;0;47373;5147;0;0;0;5147;1873;0;0;0;1873
21/07/2020 0:00;46427;0;1;0;46428;5110;0;0;0;5110;1882;0;0;0;1882
22/07/2020 0:00;47740;0;1;0;47741;5224;0;0;0;5224;1982;0;0;0;1982
23/07/2020 0:00;52036;0;1;0;52037;5270;0;0;0;5270;2040;0;0;0;2040
24/07/2020 0:00;51918;0;1;0;51919;5316;0;0;0;5316;2104;0;0;0;2104
25/07/2020 0:00;57769;0;1;0;57770;5320;0;0;0;5320;2128;0;0;0;2128
26/07/2020 0:00;59221;0;1;0;59222;5342;0;0;0;5342;2153;0;0;0;2153
27/07/2020 0:00;56571;0;0;0;56571;5317;0;0;0;5317;2203;0;0;0;2203
28/07/2020 0:00;60404;0;0;0;60404;5466;0;0;0;5466;2266;0;0;0;2266
29/07/2020 0:00;65825;0;0;0;65825;5499;0;0;0;5499;2271;0;0;0;2271
30/07/2020 0:00;64733;0;0;0;64733;5513;0;0;0;5513;2308;0;0;0;2308
31/07/2020 0:00;66430;0;0;0;66430;5477;0;0;0;5477;2370;0;0;0;2370
1/08/2020 0:00;63936;0;0;0;63936;5639;0;0;0;5639;2401;0;0;0;2401
2/08/2020 0:00;67272;0;0;0;67272;5697;0;0;0;5697;2426;0;0;0;2426
3/08/2020 0:00;72750;0;0;0;72750;5718;0;0;0;5718;2434;0;0;0;2434
4/08/2020 0:00;71374;0;0;0;71374;5588;0;0;0;5588;2463;0;0;0;2463
5/08/2020 0:00;68470;0;0;0;68470;5512;0;0;0;5512;2445;0;0;0;2445
6/08/2020 0:00;68669;0;0;0;68669;5548;0;0;0;5548;2428;0;0;0;2428
7/08/2020 0:00;69367;0;0;0;69367;5450;0;0;0;5450;2389;0;0;0;2389
8/08/2020 0:00;72825;0;0;0;72825;5182;0;0;0;5182;2382;0;0;0;2382
9/08/2020 0:00;73269;0;0;0;73269;5042;0;0;0;5042;2436;0;0;0;2436
10/08/2020 0:00;69246;0;0;0;69246;4895;0;0;0;4895;2457;0;0;0;2457
11/08/2020 0:00;69057;0;0;0;69057;4855;0;0;0;4855;2416;0;0;0;2416
12/08/2020 0:00;74940;0;0;0;74940;4698;0;0;0;4698;2444;0;0;0;2444
13/08/2020 0:00;74038;0;0;0;74038;4490;0;0;0;4490;2409;0;0;0;2409
14/08/2020 0:00;77985;0;0;0;77985;4468;0;0;0;4468;2411;0;0;0;2411
15/08/2020 0:00;75173;0;0;0;75173;4384;0;0;0;4384;2360;0;0;0;2360
16/08/2020 0:00;75522;0;0;0;75522;4290;0;0;0;4290;2284;0;0;0;2284
17/08/2020 0:00;82205;0;0;0;82205;4244;0;0;0;4244;2243;0;0;0;2243
18/08/2020 0:00;83644;0;0;0;83644;4111;0;0;0;4111;2217;0;0;0;2217
19/08/2020 0:00;73669;0;0;0;73669;4130;0;0;0;4130;2187;0;0;0;2187
20/08/2020 0:00;77848;0;0;0;77848;4052;0;0;0;4052;2221;0;0;0;2221
21/08/2020 0:00;76219;0;0;0;76219;4001;0;0;0;4001;2174;0;0;0;2174
22/08/2020 0:00;79101;0;0;0;79101;3989;0;0;0;3989;2193;0;0;0;2193
23/08/2020 0:00;76610;0;0;0;76610;3949;0;0;0;3949;2165;0;0;0;2165
24/08/2020 0:00;70729;0;0;0;70729;3907;0;0;0;3907;2137;0;0;0;2137
25/08/2020 0:00;70573;0;0;0;70573;4003;0;0;0;4003;2131;0;0;0;2131
26/08/2020 0:00;73966;0;0;0;73966;3974;0;0;0;3974;2105;0;0;0;2105
27/08/2020 0:00;69785;1;0;0;69786;3906;0;0;0;3906;2037;0;0;0;2037
28/08/2020 0:00;66469;1;0;0;66470;3890;1;0;0;3891;2045;0;0;0;2045
29/08/2020 0:00;65289;1;0;0;65290;3818;1;0;0;3819;2018;0;0;0;2018
30/08/2020 0:00;63361;1;0;0;63362;3735;1;0;0;3736;2021;0;0;0;2021
31/08/2020 0:00;62016;1;0;0;62017;3663;1;0;0;3664;1968;0;0;0;1968
1/09/2020 0:00;61422;1;0;0;61423;3539;1;0;0;3540;1938;0;0;0;1938
2/09/2020 0:00;59435;1;0;0;59436;3351;1;0;0;3352;1902;0;0;0;1902
3/09/2020 0:00;59550;0;0;0;59550;3323;1;0;0;3324;1893;0;0;0;1893
4/09/2020 0:00;57217;0;0;0;57217;3253;0;0;0;3253;1833;0;0;0;1833
5/09/2020 0:00;56322;0;0;0;56322;3299;0;0;0;3299;1798;0;0;0;1798
6/09/2020 0:00;56787;0;0;0;56787;3331;0;0;0;3331;1759;0;0;0;1759
7/09/2020 0:00;54568;0;0;0;54568;3332;0;0;0;3332;1772;0;0;0;1772
8/09/2020 0:00;53432;0;0;0;53432;3339;0;0;0;3339;1751;0;0;0;1751
9/09/2020 0:00;51822;0;0;0;51822;3367;0;0;0;3367;1730;0;0;0;1730
10/09/2020 0:00;51045;0;0;0;51045;3384;0;0;0;3384;1688;0;0;0;1688
11/09/2020 0:00;54026;0;0;0;54026;3355;0;0;0;3355;1662;0;0;0;1662
12/09/2020 0:00;52738;0;0;0;52738;3269;0;0;0;3269;1633;0;0;0;1633
13/09/2020 0:00;51845;0;0;0;51845;3252;0;0;0;3252;1608;0;0;0;1608
14/09/2020 0:00;51576;0;0;0;51576;3240;0;0;0;3240;1582;0;0;0;1582
15/09/2020 0:00;51364;0;0;0;51364;3236;0;0;0;3236;1556;0;0;0;1556
16/09/2020 0:00;52436;0;0;0;52436;3241;0;0;0;3241;1522;0;0;0;1522
17/09/2020 0:00;51137;0;0;0;51137;3215;0;0;0;3215;1523;0;0;0;1523
18/09/2020 0:00;49962;0;0;0;49962;3162;0;0;0;3162;1522;0;0;0;1522
19/09/2020 0:00;50540;0;0;0;50540;3156;0;0;0;3156;1486;0;0;0;1486
20/09/2020 0:00;49876;0;0;0;49876;3112;0;0;0;3112;1488;0;0;0;1488
21/09/2020 0:00;50526;0;0;0;50526;3106;0;0;0;3106;1450;0;0;0;1450
22/09/2020 0:00;50452;0;0;0;50452;3057;0;0;0;3057;1464;0;0;0;1464
23/09/2020 0:00;49648;0;0;0;49648;3096;0;0;0;3096;1463;0;0;0;1463
24/09/2020 0:00;52235;0;0;0;52235;3055;0;0;0;3055;1443;0;0;0;1443
25/09/2020 0:00;52414;0;0;0;52414;3058;0;0;0;3058;1415;0;0;0;1415
26/09/2020 0:00;50808;0;0;0;50808;2971;0;0;0;2971;1410;0;0;0;1410
27/09/2020 0:00;51605;0;0;0;51605;2982;0;0;0;2982;1390;0;0;0;1390
28/09/2020 0:00;51565;0;0;0;51565;2949;0;0;0;2949;1416;0;0;0;1416
29/09/2020 0:00;50705;0;0;0;50705;2938;0;0;0;2938;1392;0;0;0;1392
30/09/2020 0:00;50501;0;0;0;50501;2798;0;0;0;2798;1386;0;0;0;1386
1/10/2020 0:00;48238;0;0;0;48238;2793;0;0;0;2793;1382;0;0;0;1382
2/10/2020 0:00;48546;0;0;0;48546;2850;0;0;0;2850;1398;0;0;0;1398
3/10/2020 0:00;52646;0;0;0;52646;2931;0;0;0;2931;1418;0;0;0;1418
4/10/2020 0:00;54312;0;0;0;54312;2934;0;0;0;2934;1398;0;0;0;1398
5/10/2020 0:00;54937;0;0;0;54937;2985;0;0;0;2985;1390;0;0;0;1390
6/10/2020 0:00;53968;1;0;0;53969;3046;0;0;0;3046;1368;0;0;0;1368
7/10/2020 0:00;52283;1;0;0;52284;3113;0;0;0;3113;1380;0;0;0;1380
8/10/2020 0:00;53038;1;0;0;53039;3096;0;0;0;3096;1361;0;0;0;1361
9/10/2020 0:00;53795;1;0;0;53796;3065;0;0;0;3065;1328;0;0;0;1328
10/10/2020 0:00;51826;1;0;0;51827;2997;0;0;0;2997;1301;0;0;0;1301
11/10/2020 0:00;49665;1;0;0;49666;2973;0;0;0;2973;1323;0;0;0;1323
12/10/2020 0:00;49885;2;0;0;49887;2970;0;0;0;2970;1343;0;0;0;1343
13/10/2020 0:00;47920;1;0;0;47921;2839;0;0;0;2839;1363;0;0;0;1363
14/10/2020 0:00;49260;1;0;0;49261;2888;0;0;0;2888;1364;0;0;0;1364
15/10/2020 0:00;48865;1;0;0;48866;3000;0;0;0;3000;1374;0;0;0;1374
16/10/2020 0:00;48424;1;0;0;48425;3079;0;0;0;3079;1400;0;0;0;1400
17/10/2020 0:00;49414;1;0;0;49415;3120;1;0;0;3121;1431;0;0;0;1431
18/10/2020 0:00;50912;1;0;0;50913;3135;1;0;0;3136;1431;0;0;0;1431
19/10/2020 0:00;51445;0;0;0;51445;3155;1;0;0;3156;1401;0;0;0;1401
20/10/2020 0:00;56626;0;0;0;56626;3296;1;0;0;3297;1401;0;0;0;1401
21/10/2020 0:00;59648;1;0;0;59649;3346;1;0;0;3347;1395;0;0;0;1395
22/10/2020 0:00;61943;1;0;0;61944;3289;1;0;0;3290;1418;0;0;0;1418
23/10/2020 0:00;62356;2;0;0;62358;3240;1;0;0;3241;1407;0;0;0;1407
24/10/2020 0:00;62842;2;0;0;62844;3280;0;0;0;3280;1435;0;0;0;1435
25/10/2020 0:00;60629;2;0;0;60631;3310;0;0;0;3310;1446;0;0;0;1446
26/10/2020 0:00;61142;2;0;0;61144;3339;0;0;0;3339;1474;0;0;0;1474
27/10/2020 0:00;61306;2;0;0;61308;3325;0;0;0;3325;1488;0;0;0;1488
28/10/2020 0:00;60754;1;0;0;60755;3419;0;0;0;3419;1502;0;0;0;1502
29/10/2020 0:00;59236;1;0;0;59237;3542;0;0;0;3542;1504;0;0;0;1504
30/10/2020 0:00;59339;0;0;0;59339;3559;0;0;0;3559;1548;0;0;0;1548
31/10/2020 0:00;59008;0;0;0;59008;3612;0;0;0;3612;1532;0;0;0;1532
1/11/2020 0:00;61888;0;0;0;61888;3565;0;0;0;3565;1520;0;0;0;1520
2/11/2020 0:00;60858;0;0;0;60858;3509;0;0;0;3509;1501;0;0;0;1501
3/11/2020 0:00;57309;1;0;0;57310;3369;0;0;0;3369;1499;0;0;0;1499
4/11/2020 0:00;56921;1;0;0;56922;3183;0;0;0;3183;1518;0;0;0;1518
5/11/2020 0:00;57101;1;0;0;57102;3026;0;0;0;3026;1561;0;0;0;1561
6/11/2020 0:00;57344;1;0;0;57345;2959;0;0;0;2959;1537;0;0;0;1537
7/11/2020 0:00;57103;1;0;0;57104;2843;0;0;0;2843;1525;0;0;0;1525
8/11/2020 0:00;56421;1;0;0;56422;2793;0;0;0;2793;1543;0;0;0;1543
9/11/2020 0:00;57064;1;0;0;57065;2729;0;0;0;2729;1541;0;0;0;1541
10/11/2020 0:00;60203;0;0;0;60203;2804;0;0;0;2804;1511;0;0;0;1511
11/11/2020 0:00;59590;0;0;0;59590;2739;0;0;0;2739;1477;0;0;0;1477
12/11/2020 0:00;58946;0;0;0;58946;2674;0;0;0;2674;1428;0;0;0;1428
13/11/2020 0:00;58137;0;0;0;58137;2729;0;0;0;2729;1445;0;0;0;1445
14/11/2020 0:00;57813;0;0;0;57813;2757;0;0;0;2757;1437;0;0;0;1437
15/11/2020 0:00;57457;0;0;0;57457;2757;0;0;0;2757;1428;0;0;0;1428
16/11/2020 0:00;56484;0;0;0;56484;2779;0;0;0;2779;1470;0;0;0;1470
17/11/2020 0:00;52562;0;0;0;52562;2757;0;0;0;2757;1502;0;0;0;1502
18/11/2020 0:00;53531;0;0;0;53531;2839;0;0;0;2839;1485;0;0;0;1485
19/11/2020 0:00;53372;0;0;0;53372;2909;0;0;0;2909;1497;0;0;0;1497
20/11/2020 0:00;54975;0;0;0;54975;2904;0;0;0;2904;1486;0;0;0;1486
21/11/2020 0:00;58521;0;0;0;58521;2944;0;0;0;2944;1495;0;0;0;1495
22/11/2020 0:00;60103;0;0;0;60103;3018;0;0;0;3018;1515;0;0;0;1515
23/11/2020 0:00;59181;0;0;0;59181;3065;0;0;0;3065;1508;0;0;0;1508
24/11/2020 0:00;63514;0;0;0;63514;3131;0;0;0;3131;1504;0;0;0;1504
25/11/2020 0:00;63770;0;0;0;63770;3137;0;0;0;3137;1548;0;0;0;1548
26/11/2020 0:00;65497;0;1;0;65498;3139;0;0;0;3139;1538;0;0;0;1538
27/11/2020 0:00;64552;0;1;0;64553;3124;0;0;0;3124;1553;0;0;0;1553
28/11/2020 0:00;61781;0;1;0;61782;3075;0;0;0;3075;1571;0;0;0;1571
29/11/2020 0:00;59925;0;1;0;59926;3031;0;0;0;3031;1560;0;0;0;1560
30/11/2020 0:00;60561;0;1;0;60562;3009;0;0;0;3009;1547;0;0;0;1547
1/12/2020 0:00;59780;0;1;0;59781;2935;0;0;0;2935;1530;0;0;0;1530
2/12/2020 0:00;58934;0;1;0;58935;2885;0;0;0;2885;1509;0;0;0;1509
3/12/2020 0:00;57211;0;0;0;57211;2940;0;0;0;2940;1521;0;0;0;1521
4/12/2020 0:00;55649;0;0;0;55649;2914;0;0;0;2914;1505;0;0;0;1505
5/12/2020 0:00;56988;0;0;0;56988;2990;0;0;0;2990;1476;0;0;0;1476
6/12/2020 0:00;57292;0;1;0;57293;3003;0;0;0;3003;1472;0;0;0;1472
7/12/2020 0:00;57644;0;1;0;57645;3048;0;0;0;3048;1478;0;0;0;1478
8/12/2020 0:00;58579;0;2;0;58581;3114;0;0;0;3114;1502;0;0;0;1502
9/12/2020 0:00;55727;0;2;0;55729;3098;0;0;0;3098;1509;0;0;0;1509
10/12/2020 0:00;58103;0;2;0;58105;3220;0;0;0;3220;1519;0;0;0;1519
11/12/2020 0:00;60562;0;2;0;60564;3597;0;0;0;3597;1523;0;0;0;1523
12/12/2020 0:00;60399;0;2;0;60401;3697;0;0;0;3697;1573;0;0;0;1573
13/12/2020 0:00;63928;0;2;0;63930;4168;0;0;0;4168;1582;0;0;0;1582
14/12/2020 0:00;65995;0;2;0;65997;4276;0;0;0;4276;1606;0;0;0;1606
15/12/2020 0:00;68584;0;1;0;68585;4407;0;0;0;4407;1602;0;0;0;1602
16/12/2020 0:00;75754;0;1;0;75755;4711;0;0;0;4711;1631;0;0;0;1631
17/12/2020 0:00;79040;0;1;0;79041;4769;0;0;0;4769;1671;0;0;0;1671
18/12/2020 0:00;81247;0;1;0;81248;4662;0;0;0;4662;1716;0;0;0;1716
19/12/2020 0:00;84548;0;1;0;84549;4768;0;0;0;4768;1742;0;0;0;1742
20/12/2020 0:00;85682;0;0;0;85682;4598;0;0;0;4598;1795;0;0;0;1795
21/12/2020 0:00;86763;0;0;0;86763;4695;0;0;0;4695;1838;0;0;0;1838
22/12/2020 0:00;88974;0;0;0;88974;4817;0;0;0;4817;1922;0;0;0;1922
23/12/2020 0:00;90770;0;0;0;90770;4867;0;0;0;4867;1962;0;0;0;1962
24/12/2020 0:00;91662;0;0;0;91662;4915;0;0;0;4915;1982;0;0;0;1982
25/12/2020 0:00;93093;0;0;0;93093;4951;0;0;0;4951;2018;0;0;0;2018
26/12/2020 0:00;84681;0;0;0;84681;4942;0;0;0;4942;2011;0;0;0;2011
27/12/2020 0:00;85129;0;0;0;85129;5186;0;0;0;5186;2047;0;0;0;2047
28/12/2020 0:00;85666;0;0;0;85666;5359;0;0;0;5359;2038;0;0;0;2038
29/12/2020 0:00;87408;0;0;1;87409;5678;0;0;0;5678;2043;0;0;0;2043
30/12/2020 0:00;89854;0;0;1;89855;5821;0;0;0;5821;2126;0;0;0;2126
31/12/2020 0:00;93855;0;0;1;93856;5842;0;0;0;5842;2182;0;0;0;2182
1/01/2021 0:00;93031;0;1;1;93033;5676;0;0;0;5676;2185;0;0;0;2185
2/01/2021 0:00;92411;0;1;1;92413;5683;0;0;0;5683;2291;0;0;0;2291
3/01/2021 0:00;91624;0;3;1;91628;5473;0;0;0;5473;2306;0;0;0;2306
4/01/2021 0:00;93839;0;3;1;93843;5474;0;0;0;5474;2335;0;0;0;2335
5/01/2021 0:00;94326;0;4;0;94330;5328;0;0;0;5328;2362;0;0;0;2362
6/01/2021 0:00;99024;0;6;0;99030;5395;0;0;0;5395;2344;0;0;0;2344
7/01/2021 0:00;100122;0;6;0;100128;5681;0;0;0;5681;2400;0;0;0;2400
8/01/2021 0:00;106711;0;6;0;106717;6052;0;0;0;6052;2524;0;0;0;2524
9/01/2021 0:00;120993;0;6;0;120999;6340;0;0;0;6340;2504;0;0;0;2504
10/01/2021 0:00;124642;0;4;0;124646;6481;0;0;0;6481;2583;0;0;0;2583
11/01/2021 0:00;122993;0;6;0;122999;6463;0;0;0;6463;2668;0;0;0;2668
12/01/2021 0:00;113854;0;5;0;113859;6465;0;0;0;6465;2759;0;0;0;2759
13/01/2021 0:00;111448;0;3;0;111451;6595;0;0;0;6595;2834;0;0;0;2834
14/01/2021 0:00;111383;0;3;0;111386;6562;0;0;0;6562;2882;0;0;0;2882
15/01/2021 0:00;113252;0;2;0;113254;6568;0;0;0;6568;2871;0;0;0;2871
16/01/2021 0:00;113660;0;3;0;113663;6477;0;0;0;6477;2955;0;0;0;2955
17/01/2021 0:00;114085;0;3;0;114088;6428;0;0;0;6428;2978;0;0;0;2978
18/01/2021 0:00;117083;0;1;0;117084;6301;0;0;0;6301;3059;0;0;0;3059
19/01/2021 0:00;125386;0;1;0;125387;6258;0;0;0;6258;3093;0;0;0;3093
20/01/2021 0:00;123309;0;2;0;123311;5920;0;0;0;5920;3137;0;0;0;3137
21/01/2021 0:00;118648;0;3;0;118651;5650;0;0;0;5650;3137;0;0;0;3137
22/01/2021 0:00;111868;0;3;0;111871;5455;0;0;0;5455;3200;0;0;0;3200
23/01/2021 0:00;106515;0;2;0;106517;5307;0;0;0;5307;3176;0;0;0;3176
24/01/2021 0:00;103697;0;2;0;103699;5153;0;0;0;5153;3138;0;0;0;3138
25/01/2021 0:00;99404;0;2;0;99406;5023;0;0;0;5023;3087;0;0;0;3087
26/01/2021 0:00;96870;0;2;0;96872;4773;0;0;0;4773;3077;0;0;0;3077
27/01/2021 0:00;90787;0;1;0;90788;4582;0;0;0;4582;3025;0;0;0;3025
28/01/2021 0:00;86926;0;0;0;86926;4381;0;0;0;4381;2983;0;0;0;2983
29/01/2021 0:00;82600;0;1;0;82601;4126;0;0;0;4126;2870;0;0;0;2870
30/01/2021 0:00;77997;0;1;0;77998;3883;0;0;0;3883;2826;0;0;0;2826
31/01/2021 0:00;72833;0;1;0;72834;3637;0;0;0;3637;2788;0;0;0;2788
1/02/2021 0:00;70705;0;1;0;70706;3507;0;0;0;3507;2709;0;0;0;2709
2/02/2021 0:00;65395;0;2;0;65397;3303;0;0;0;3303;2582;0;0;0;2582
3/02/2021 0:00;60781;0;2;0;60783;3170;0;0;0;3170;2493;0;0;0;2493
4/02/2021 0:00;56219;0;2;0;56221;3051;0;0;0;3051;2416;0;0;0;2416
5/02/2021 0:00;52581;0;1;0;52582;2942;0;0;0;2942;2371;0;0;0;2371
6/02/2021 0:00;48727;0;2;0;48729;2762;0;0;0;2762;2308;0;0;0;2308
7/02/2021 0:00;45915;0;2;0;45917;2668;0;0;0;2668;2242;0;0;0;2242
8/02/2021 0:00;43708;0;2;0;43710;2585;0;0;0;2585;2208;0;0;0;2208
9/02/2021 0:00;40670;0;2;0;40672;2488;0;0;0;2488;2140;0;0;0;2140
10/02/2021 0:00;39469;0;2;0;39471;2322;0;0;0;2322;2085;0;0;0;2085
11/02/2021 0:00;37767;0;2;0;37769;2233;0;0;0;2233;2007;0;0;0;2007
12/02/2021 0:00;35619;0;2;0;35621;2119;0;0;0;2119;1891;0;0;0;1891
13/02/2021 0:00;34384;0;1;0;34385;2064;0;0;0;2064;1831;0;0;0;1831
14/02/2021 0:00;33684;0;1;0;33685;1988;0;0;0;1988;1765;0;0;0;1765
15/02/2021 0:00;32821;0;1;0;32822;1888;0;0;0;1888;1699;0;0;0;1699
16/02/2021 0:00;31161;0;0;0;31161;1845;0;0;0;1845;1633;0;0;0;1633
17/02/2021 0:00;29756;0;0;0;29756;1831;0;0;0;1831;1572;0;0;0;1572
18/02/2021 0:00;28667;0;0;0;28667;1778;0;0;0;1778;1551;0;0;0;1551
19/02/2021 0:00;28002;0;0;0;28002;1803;0;0;0;1803;1560;0;0;0;1560
20/02/2021 0:00;27336;0;0;0;27336;1814;0;0;0;1814;1497;0;0;0;1497
21/02/2021 0:00;26931;0;0;0;26931;1835;0;0;0;1835;1454;0;0;0;1454
22/02/2021 0:00;26376;0;0;0;26376;1811;0;0;0;1811;1402;0;0;0;1402
23/02/2021 0:00;26581;0;0;0;26581;1785;0;0;0;1785;1393;0;0;0;1393
24/02/2021 0:00;25693;0;0;0;25693;1769;0;0;0;1769;1376;0;0;0;1376
25/02/2021 0:00;25184;0;0;0;25184;1731;0;0;0;1731;1322;0;0;0;1322
26/02/2021 0:00;24591;0;0;0;24591;1631;0;0;0;1631;1264;0;0;0;1264
27/02/2021 0:00;24375;0;0;0;24375;1560;0;0;0;1560;1234;0;0;0;1234
28/02/2021 0:00;23716;0;0;0;23716;1487;0;0;0;1487;1205;0;0;0;1205
1/03/2021 0:00;23697;0;0;0;23697;1454;0;0;0;1454;1180;0;0;0;1180
2/03/2021 0:00;23500;0;0;0;23500;1445;0;0;0;1445;1127;0;0;0;1127
3/03/2021 0:00;23396;0;0;0;23396;1405;0;0;0;1405;1068;0;0;0;1068
4/03/2021 0:00;23442;0;0;0;23442;1436;0;0;0;1436;1039;0;0;0;1039
5/03/2021 0:00;23587;0;0;0;23587;1468;0;0;0;1468;1035;0;0;0;1035
6/03/2021 0:00;23501;0;1;0;23502;1514;0;0;0;1514;1037;0;0;0;1037
7/03/2021 0:00;23863;1;1;0;23865;1543;0;0;0;1543;1064;0;0;0;1064
8/03/2021 0:00;23817;3;1;0;23821;1578;0;0;0;1578;1051;0;0;0;1051
9/03/2021 0:00;23892;3;1;0;23896;1570;1;0;0;1571;1058;0;0;0;1058
10/03/2021 0:00;24043;3;1;0;24047;1622;1;0;0;1623;1061;0;0;0;1061
11/03/2021 0:00;25231;4;1;0;25236;1627;1;0;0;1628;1043;0;0;0;1043
12/03/2021 0:00;25701;4;1;0;25706;1673;1;0;0;1674;1014;0;0;0;1014
13/03/2021 0:00;26550;14;0;0;26564;1660;1;0;0;1661;985;0;0;0;985
14/03/2021 0:00;27010;16;0;0;27026;1696;3;0;0;1699;969;2;0;0;971
15/03/2021 0:00;27690;19;0;0;27709;1756;5;0;0;1761;968;2;0;0;970
16/03/2021 0:00;28734;29;1;0;28764;1860;7;0;0;1867;990;3;0;0;993
17/03/2021 0:00;30223;34;1;0;30258;1955;13;0;0;1968;989;5;0;0;994
18/03/2021 0:00;31092;43;1;0;31136;2039;15;0;0;2054;1021;7;0;0;1028
19/03/2021 0:00;33196;56;2;0;33254;2165;18;0;0;2183;1034;12;0;0;1046
20/03/2021 0:00;35270;60;2;0;35332;2316;24;0;0;2340;1057;15;0;0;1072
21/03/2021 0:00;37133;75;3;0;37211;2397;27;0;0;2424;1040;17;0;0;1057
22/03/2021 0:00;38612;87;6;0;38705;2525;29;0;0;2554;1082;22;0;0;1104
23/03/2021 0:00;37512;85;5;0;37602;2603;32;0;0;2635;1096;24;0;0;1120
24/03/2021 0:00;39707;102;5;0;39814;2701;29;0;0;2730;1118;25;0;0;1143
25/03/2021 0:00;42209;127;6;0;42342;2835;31;0;0;2866;1120;26;0;0;1146
26/03/2021 0:00;45033;138;9;0;45180;2891;41;0;0;2932;1167;30;0;0;1197
27/03/2021 0:00;49090;194;11;0;49295;2978;49;0;0;3027;1206;48;0;0;1254
28/03/2021 0:00;51845;223;14;0;52082;3085;66;0;0;3151;1231;55;0;0;1286
29/03/2021 0:00;53493;257;14;0;53764;3131;78;0;0;3209;1203;70;0;0;1273
30/03/2021 0:00;60990;327;19;0;61336;3340;102;0;0;3442;1229;103;0;0;1332
31/03/2021 0:00;65057;363;32;0;65452;3534;133;0;0;3667;1268;128;0;0;1396
1/04/2021 0:00;68992;392;39;0;69423;3679;172;0;0;3851;1314;153;0;0;1467
2/04/2021 0:00;69710;484;42;0;70236;3764;192;0;0;3956;1333;171;0;0;1504
3/04/2021 0:00;66790;521;48;0;67359;3845;219;0;0;4064;1351;178;0;0;1529
4/04/2021 0:00;68007;582;59;0;68648;4075;244;0;0;4319;1375;209;0;0;1584
5/04/2021 0:00;69114;638;74;0;69826;4264;255;0;0;4519;1468;222;0;0;1690
6/04/2021 0:00;71501;675;88;0;72264;4291;275;0;0;4566;1550;226;0;0;1776
7/04/2021 0:00;76367;728;98;0;77193;4424;316;0;0;4740;1626;229;0;0;1855
8/04/2021 0:00;81224;785;113;0;82122;4514;345;0;0;4859;1695;256;0;0;1951
9/04/2021 0:00;87987;796;130;0;88913;4721;373;0;0;5094;1779;263;0;0;2042
10/04/2021 0:00;97092;795;145;0;98032;4881;373;1;0;5255;1895;291;0;0;2186
11/04/2021 0:00;101746;826;155;0;102727;4914;385;2;0;5301;1999;314;1;0;2314
12/04/2021 0:00;107145;851;188;0;108184;4983;426;4;0;5413;2027;337;1;0;2365
13/04/2021 0:00;112083;904;234;0;113221;5121;458;8;0;5587;2090;371;2;0;2463
14/04/2021 0:00;114508;943;276;0;115727;5142;456;12;0;5610;2178;426;4;0;2608
15/04/2021 0:00;115977;976;327;0;117280;5214;452;16;0;5682;2297;436;5;0;2738
16/04/2021 0:00;115628;1035;386;0;117049;5333;479;18;0;5830;2361;499;6;0;2866
17/04/2021 0:00;116734;1107;447;0;118288;5526;529;23;0;6078;2411;528;8;0;2947
18/04/2021 0:00;118765;1127;532;0;120424;5735;544;24;0;6303;2510;560;13;0;3083
19/04/2021 0:00;117162;1139;569;0;118870;5856;539;24;0;6419;2613;591;15;0;3219
20/04/2021 0:00;117641;1162;622;0;119425;6081;537;23;0;6641;2713;601;16;0;3330
21/04/2021 0:00;119063;1183;669;0;120915;6264;533;23;0;6820;2756;619;18;0;3393
22/04/2021 0:00;119889;1167;695;0;121751;6411;541;29;0;6981;2821;660;21;0;3502
23/04/2021 0:00;122654;1113;736;0;124503;6514;530;37;0;7081;2904;657;30;0;3591
24/04/2021 0:00;124213;1047;751;0;126011;6448;503;50;0;7001;2927;671;44;0;3642
25/04/2021 0:00;124552;1009;747;0;126308;6354;476;68;0;6898;2917;674;61;0;3652
26/04/2021 0:00;124961;977;791;0;126729;6304;461;84;0;6849;2890;664;82;0;3636
27/04/2021 0:00;125280;946;836;0;127062;6201;456;99;0;6756;2869;677;101;0;3647
28/04/2021 0:00;125165;902;869;0;126936;6166;430;119;0;6715;2885;655;120;0;3660
29/04/2021 0:00;122828;885;880;0;124593;6084;401;124;0;6609;2866;634;145;0;3645
30/04/2021 0:00;121247;874;927;0;123048;5970;358;140;0;6468;2847;625;153;0;3625
1/05/2021 0:00;119831;901;995;0;121727;5833;337;141;0;6311;2870;601;154;0;3625
2/05/2021 0:00;114705;925;1075;0;116705;5740;341;147;0;6228;2929;592;151;0;3672
3/05/2021 0:00;113392;933;1097;0;115422;5658;344;147;0;6149;3000;607;165;0;3772
4/05/2021 0:00;111675;950;1179;0;113804;5588;326;159;0;6073;3028;578;170;0;3776
5/05/2021 0:00;108969;971;1257;0;111197;5469;325;165;0;5959;2993;580;183;0;3756
6/05/2021 0:00;106608;988;1398;0;108994;5416;339;190;0;5945;3003;574;181;0;3758
7/05/2021 0:00;105923;1022;1552;0;108497;5323;359;192;0;5874;3019;573;191;0;3783
8/05/2021 0:00;104891;1060;1696;0;107647;5428;368;204;0;6000;3058;587;207;0;3852
9/05/2021 0:00;108479;1072;1744;0;111295;5483;369;216;0;6068;3036;570;222;0;3828
10/05/2021 0:00;108679;1111;1888;0;111678;5498;352;225;0;6075;3018;543;211;0;3772
11/05/2021 0:00;109882;1123;2092;0;113097;5633;359;240;0;6232;3045;544;216;0;3805
12/05/2021 0:00;110948;1130;2246;0;114324;5737;360;253;0;6350;3128;534;209;0;3871
13/05/2021 0:00;112574;1129;2406;0;116109;5834;346;249;0;6429;3120;511;227;0;3858
14/05/2021 0:00;112540;1141;2493;0;116174;6077;346;265;0;6688;3136;488;226;0;3850
15/05/2021 0:00;113264;1113;2601;0;116978;6231;348;284;0;6863;3127;478;224;0;3829
16/05/2021 0:00;112273;1115;2725;0;116113;6277;340;280;0;6897;3141;468;222;0;3831
17/05/2021 0:00;112540;1105;2821;0;116466;6554;347;295;0;7196;3176;458;230;0;3864
18/05/2021 0:00;104381;1063;2736;0;108180;6907;324;297;0;7528;3148;447;229;0;3824
19/05/2021 0:00;104522;1099;2868;0;108489;7156;319;327;0;7802;3134;432;247;0;3813
20/05/2021 0:00;106215;1158;2953;0;110326;7249;334;356;0;7939;3151;444;236;0;3831
21/05/2021 0:00;109792;1216;3166;0;114174;7288;321;382;0;7991;3150;429;247;0;3826
22/05/2021 0:00;114551;1291;3320;0;119162;7248;322;391;0;7961;3181;415;263;0;3859
23/05/2021 0:00;118436;1343;3492;0;123271;7174;325;422;0;7921;3173;427;268;0;3868
24/05/2021 0:00;122151;1401;3617;0;127169;6968;336;441;0;7745;3191;432;285;0;3908
25/05/2021 0:00;135545;1520;3911;0;140976;6538;359;453;0;7350;3185;437;294;0;3916
26/05/2021 0:00;140476;1605;4146;0;146227;6321;374;445;0;7140;3148;431;290;0;3869
27/05/2021 0:00;146994;1691;4371;0;153056;6253;365;449;0;7067;3153;433;297;0;3883
28/05/2021 0:00;149830;1768;4465;0;156063;6112;378;440;0;6930;3167;444;306;0;3917
29/05/2021 0:00;150628;1887;4754;0;157269;5909;380;438;0;6727;3182;453;310;0;3945
30/05/2021 0:00;155068;2012;4974;0;162054;5789;383;422;0;6594;3195;452;329;0;3976
31/05/2021 0:00;155331;2097;5077;0;162505;5644;380;425;0;6449;3173;468;343;0;3984
1/06/2021 0:00;156221;2254;5316;0;163791;5454;367;421;0;6242;3238;475;348;0;4061
2/06/2021 0:00;159061;2485;5561;0;167107;5302;381;407;0;6090;3258;502;355;0;4115
3/06/2021 0:00;164012;2599;5729;0;172340;5143;392;408;0;5943;3244;519;373;0;4136
4/06/2021 0:00;169918;2703;5877;0;178498;4861;400;404;0;5665;3259;541;374;0;4174
5/06/2021 0:00;175208;2868;5935;0;184011;4869;422;420;0;5711;3230;542;390;0;4162
6/06/2021 0:00;177257;3050;6111;0;186418;4920;454;455;0;5829;3270;550;391;0;4211
7/06/2021 0:00;179438;3297;6443;0;189178;5047;482;468;0;5997;3279;557;401;0;4237
8/06/2021 0:00;172253;3382;6542;0;182177;4945;488;471;0;5904;3235;579;420;0;4234
9/06/2021 0:00;175991;3589;6721;0;186301;4918;504;486;0;5908;3270;583;417;0;4270
10/06/2021 0:00;177277;3800;6880;0;187957;4999;536;479;0;6014;3337;576;424;0;4337
11/06/2021 0:00;177033;4167;7344;0;188544;5245;590;504;0;6339;3359;594;443;0;4396
12/06/2021 0:00;178344;4463;7590;0;190397;5333;593;508;0;6434;3378;623;443;0;4444
13/06/2021 0:00;180282;4813;7797;0;192892;5365;606;495;0;6466;3366;659;460;0;4485
14/06/2021 0:00;181129;5040;7810;0;193979;5363;624;491;0;6478;3403;691;453;0;4547
15/06/2021 0:00;180463;5448;7970;0;193881;5498;658;499;0;6655;3436;719;452;0;4607
16/06/2021 0:00;181581;5891;8313;0;195785;5620;713;527;0;6860;3441;752;469;0;4662
17/06/2021 0:00;180792;6362;8579;0;195733;5641;743;568;0;6952;3391;790;481;0;4662
18/06/2021 0:00;180657;6774;8602;0;196033;5547;751;567;0;6865;3368;831;475;0;4674
19/06/2021 0:00;177423;7179;8745;0;193347;5450;774;574;0;6798;3309;841;485;0;4635
20/06/2021 0:00;176231;7384;8760;0;192375;5461;801;593;0;6855;3319;845;481;0;4645
21/06/2021 0:00;176132;7669;8906;0;192707;5324;810;595;0;6729;3310;861;484;0;4655
22/06/2021 0:00;189947;7977;9061;0;206985;5360;853;625;0;6838;3341;854;498;0;4693
23/06/2021 0:00;187675;8107;8900;0;204682;5176;828;634;0;6638;3321;873;509;0;4703
24/06/2021 0:00;189217;8179;8842;0;206238;5029;808;620;0;6457;3315;895;509;0;4719
25/06/2021 0:00;191082;8116;8760;0;207958;4938;816;646;0;6400;3324;885;530;0;4739
26/06/2021 0:00;195934;8152;8778;0;212864;4865;856;656;0;6377;3363;885;537;0;4785
27/06/2021 0:00;197514;8200;8766;0;214480;4774;846;653;0;6273;3282;891;530;0;4703
28/06/2021 0:00;197900;8058;8607;0;214565;4746;834;667;0;6247;3173;881;551;0;4605
29/06/2021 0:00;196478;7945;8547;0;212970;4654;827;682;0;6163;3094;905;552;0;4551
30/06/2021 0:00;197564;7688;8356;0;213608;4625;828;668;0;6121;3077;920;564;0;4561
1/07/2021 0:00;193304;7382;8188;0;208874;4532;812;678;0;6022;3049;894;577;0;4520
2/07/2021 0:00;189394;7099;7983;0;204476;4472;777;663;0;5912;2959;901;593;0;4453
3/07/2021 0:00;182689;6745;7781;0;197215;4370;700;670;0;5740;2881;926;599;0;4406
4/07/2021 0:00;177774;6478;7672;0;191924;4277;663;680;0;5620;2907;936;617;0;4460
5/07/2021 0:00;174507;6387;7825;0;188719;4198;632;680;0;5510;2925;938;625;0;4488
6/07/2021 0:00;159179;6118;7698;0;172995;3998;581;649;0;5228;2913;916;618;0;4447
7/07/2021 0:00;151432;6012;7775;0;165219;3919;541;669;0;5129;2876;881;642;0;4399
8/07/2021 0:00;145587;6049;7888;0;159524;3873;531;670;0;5074;2835;879;648;0;4362
9/07/2021 0:00;138737;6048;7979;0;152764;3771;511;680;0;4962;2847;860;627;0;4334
10/07/2021 0:00;133886;5975;8096;0;147957;3673;520;659;0;4852;2802;801;618;0;4221
11/07/2021 0:00;128927;5970;8280;0;143177;3530;499;648;0;4677;2714;770;625;0;4109
12/07/2021 0:00;125958;5827;8310;0;140095;3374;502;648;0;4524;2653;748;623;0;4024
13/07/2021 0:00;128881;5748;8523;0;143152;3310;487;669;0;4466;2575;722;644;0;3941
14/07/2021 0:00;123842;5521;8476;0;137839;3094;463;640;0;4197;2535;700;606;0;3841
15/07/2021 0:00;118833;5198;8271;0;132302;2879;438;616;0;3933;2471;679;595;0;3745
16/07/2021 0:00;114054;4946;8230;0;127230;2716;396;591;0;3703;2429;646;596;0;3671
17/07/2021 0:00;110025;4661;7934;0;122620;2653;372;598;0;3623;2425;646;608;0;3679
18/07/2021 0:00;105463;4324;7567;0;117354;2575;347;579;0;3501;2369;608;597;0;3574
19/07/2021 0:00;101560;4142;7293;0;112995;2527;321;541;0;3389;2351;581;567;0;3499
20/07/2021 0:00;96803;3920;6919;0;107642;2361;297;488;0;3146;2249;560;540;0;3349
21/07/2021 0:00;86205;3728;6554;0;96487;2234;288;459;0;2981;2165;523;534;0;3222
22/07/2021 0:00;79876;3628;6370;0;89874;2220;269;471;0;2960;2124;485;517;0;3126
23/07/2021 0:00;75457;3550;6138;0;85145;2143;277;453;0;2873;2013;462;504;0;2979
24/07/2021 0:00;69984;3476;6063;0;79523;2052;271;448;0;2771;1937;436;459;0;2832
25/07/2021 0:00;66227;3415;6040;0;75682;1946;275;452;0;2673;1891;410;439;0;2740
26/07/2021 0:00;63354;3340;5927;0;72621;1852;273;463;0;2588;1783;387;441;0;2611
27/07/2021 0:00;58868;3336;5944;0;68148;1829;261;482;0;2572;1743;353;453;0;2549
28/07/2021 0:00;59493;3281;5937;0;68711;1778;244;504;0;2526;1699;345;447;0;2491
29/07/2021 0:00;56953;3198;5870;0;66021;1648;244;475;0;2367;1639;335;449;0;2423
30/07/2021 0:00;53718;3065;5707;0;62490;1578;229;478;0;2285;1591;329;454;0;2374
31/07/2021 0:00;50347;3011;5623;0;58981;1457;202;450;0;2109;1504;309;456;0;2269
1/08/2021 0:00;47015;2876;5440;0;55331;1396;193;425;0;2014;1459;298;454;0;2211
2/08/2021 0:00;45740;2734;5254;0;53728;1309;169;395;0;1873;1441;281;458;0;2180
3/08/2021 0:00;43284;2522;4949;0;50755;1235;161;359;0;1755;1406;291;432;0;2129
4/08/2021 0:00;41137;2326;4799;0;48262;1153;157;332;0;1642;1306;275;426;0;2007
5/08/2021 0:00;38602;2205;4606;0;45413;1078;144;313;0;1535;1222;254;399;0;1875
6/08/2021 0:00;35810;2091;4512;0;42413;961;130;298;0;1389;1156;221;379;0;1756
7/08/2021 0:00;33306;1941;4356;0;39603;894;130;281;0;1305;1136;216;380;0;1732
8/08/2021 0:00;30715;1839;4253;0;36807;855;128;283;0;1266;1099;205;366;0;1670
9/08/2021 0:00;28786;1785;4195;0;34766;852;133;281;0;1266;1024;192;335;0;1551
10/08/2021 0:00;26886;1709;4104;0;32699;816;131;294;0;1241;988;167;323;0;1478
11/08/2021 0:00;25452;1657;3936;0;31045;793;129;290;0;1212;965;157;321;0;1443
12/08/2021 0:00;24188;1572;3814;0;29574;751;126;283;0;1160;947;152;312;0;1411
13/08/2021 0:00;22645;1451;3589;0;27685;754;126;268;0;1148;914;160;301;0;1375
14/08/2021 0:00;21298;1392;3415;0;26105;738;117;266;0;1121;855;145;289;0;1289
15/08/2021 0:00;20596;1368;3287;0;25251;676;110;243;0;1029;813;133;277;0;1223
16/08/2021 0:00;20435;1332;3155;0;24922;634;100;236;0;970;815;126;262;0;1203
17/08/2021 0:00;18123;1275;3010;0;22408;576;93;231;0;900;768;125;253;0;1146
18/08/2021 0:00;16512;1277;2994;0;20783;576;89;230;0;895;749;110;232;0;1091
19/08/2021 0:00;15011;1294;3004;0;19309;570;79;232;0;881;712;104;237;0;1053
20/08/2021 0:00;14097;1359;3119;0;18575;544;73;222;0;839;695;84;233;0;1012
21/08/2021 0:00;12934;1396;3177;0;17507;507;69;213;0;789;694;86;218;0;998
22/08/2021 0:00;12405;1386;3181;0;16972;499;64;221;0;784;673;88;217;0;978
23/08/2021 0:00;12102;1325;3169;0;16596;469;62;219;0;750;631;83;224;0;938
24/08/2021 0:00;13012;1332;3167;0;17511;451;58;209;0;718;637;75;223;0;935
25/08/2021 0:00;12588;1309;3083;0;16980;390;47;198;0;635;620;78;216;0;914
26/08/2021 0:00;11854;1280;3072;0;16206;364;46;185;0;595;605;77;197;0;879
27/08/2021 0:00;11193;1262;2983;0;15438;363;42;196;0;601;578;75;186;0;839
28/08/2021 0:00;10606;1192;2892;0;14690;346;41;198;0;585;560;67;185;0;812
29/08/2021 0:00;10377;1135;2800;0;14312;336;37;192;0;565;540;59;179;0;778
30/08/2021 0:00;9913;1128;2725;0;13766;331;37;196;0;564;541;61;167;0;769
31/08/2021 0:00;9396;1075;2636;0;13107;331;46;184;0;561;497;57;153;0;707
1/09/2021 0:00;9165;1026;2573;0;12764;327;48;173;0;548;491;56;146;0;693
2/09/2021 0:00;8795;1038;2535;0;12368;310;43;173;0;526;481;56;135;0;672
3/09/2021 0:00;8126;1025;2511;0;11662;271;42;156;0;469;466;57;136;0;659
4/09/2021 0:00;7861;1023;2435;0;11319;278;41;144;0;463;446;58;131;0;635
5/09/2021 0:00;7283;1056;2441;0;10780;268;38;133;0;439;422;62;121;0;605
6/09/2021 0:00;7067;1078;2439;0;10584;264;35;125;0;424;390;55;126;0;571
7/09/2021 0:00;6556;1122;2520;0;10198;257;28;130;0;415;367;57;124;0;548
8/09/2021 0:00;6102;1147;2595;0;9844;258;28;122;0;408;362;56;123;0;541
9/09/2021 0:00;6143;1126;2569;0;9838;258;27;119;0;404;348;52;131;0;531
10/09/2021 0:00;6083;1133;2587;0;9803;256;33;117;0;406;367;49;127;0;543
11/09/2021 0:00;5874;1139;2669;0;9682;246;32;124;0;402;351;43;128;0;522
12/09/2021 0:00;5812;1126;2722;0;9660;249;35;124;0;408;364;43;139;0;546
13/09/2021 0:00;5692;1143;2821;0;9656;236;37;123;0;396;388;41;125;0;554
14/09/2021 0:00;5570;1135;2894;0;9599;227;39;125;0;391;407;38;128;0;573
15/09/2021 0:00;5674;1150;2936;0;9760;216;37;134;0;387;400;34;127;0;561
16/09/2021 0:00;5543;1174;3000;0;9717;224;40;136;0;400;397;33;121;0;551
17/09/2021 0:00;5611;1168;3008;0;9787;224;38;148;0;410;387;29;119;0;535
18/09/2021 0:00;5389;1216;3008;0;9613;222;36;141;0;399;379;29;122;0;530
19/09/2021 0:00;5219;1233;3045;0;9497;219;37;137;0;393;365;27;114;0;506
20/09/2021 0:00;5199;1243;3058;1;9501;242;36;139;0;417;345;29;115;0;489
21/09/2021 0:00;5181;1279;3054;1;9515;242;36;137;0;415;343;27;115;0;485
22/09/2021 0:00;5099;1312;3078;1;9490;249;35;135;0;419;329;27;117;0;473
23/09/2021 0:00;4945;1321;3085;1;9352;232;31;130;0;393;336;26;119;0;481
24/09/2021 0:00;4891;1318;3116;1;9326;230;29;123;0;382;335;27;116;0;478
25/09/2021 0:00;4911;1286;3108;1;9306;235;28;121;0;384;352;33;109;0;494
26/09/2021 0:00;4925;1262;3057;1;9245;219;27;126;0;372;333;32;110;0;475
27/09/2021 0:00;5028;1258;2990;0;9276;208;27;126;0;361;338;38;111;0;487
28/09/2021 0:00;5217;1201;2866;0;9284;204;23;142;0;369;342;38;113;0;493
29/09/2021 0:00;5317;1168;2792;0;9277;199;25;146;0;370;314;36;117;0;467
30/09/2021 0:00;5369;1152;2795;0;9316;202;26;145;0;373;306;38;116;0;460
1/10/2021 0:00;5381;1162;2842;0;9385;192;24;150;0;366;299;38;110;0;447
2/10/2021 0:00;5295;1170;2898;0;9363;179;26;148;0;353;302;34;103;0;439
3/10/2021 0:00;5264;1169;2939;0;9372;177;22;144;0;343;333;35;100;0;468
4/10/2021 0:00;5188;1126;3003;0;9317;168;22;141;0;331;326;27;97;0;450
5/10/2021 0:00;5125;1146;3089;0;9360;159;25;127;0;311;321;26;93;0;440
6/10/2021 0:00;5037;1110;3165;0;9312;146;29;127;0;302;360;28;89;0;477
7/10/2021 0:00;5105;1102;3189;0;9396;143;34;129;0;306;358;22;89;0;469
8/10/2021 0:00;4938;1103;3154;0;9195;154;35;122;0;311;355;22;93;0;470
9/10/2021 0:00;5048;1122;3182;0;9352;166;37;125;0;328;356;20;97;0;473
10/10/2021 0:00;5198;1116;3100;0;9414;175;37;125;0;337;348;16;96;0;460
11/10/2021 0:00;5085;1165;3110;0;9360;176;37;129;0;342;356;18;98;0;472
12/10/2021 0:00;5035;1161;3104;0;9300;193;34;126;0;353;362;20;103;0;485
13/10/2021 0:00;5063;1183;3100;0;9346;208;33;119;0;360;344;21;100;0;465
14/10/2021 0:00;5043;1159;3035;0;9237;205;25;124;0;354;349;22;98;0;469
15/10/2021 0:00;5318;1106;2904;0;9328;203;25;116;0;344;355;25;99;0;479
16/10/2021 0:00;5280;1031;2881;0;9192;196;26;119;0;341;345;25;102;0;472
17/10/2021 0:00;5143;1069;3001;0;9213;189;27;131;0;347;351;30;102;0;483
18/10/2021 0:00;5380;1029;2956;0;9365;187;26;132;0;345;344;27;97;0;468
19/10/2021 0:00;5025;966;2841;0;8832;172;30;128;0;330;323;26;93;0;442
20/10/2021 0:00;5033;942;2773;0;8748;161;26;134;0;321;328;25;93;0;446
21/10/2021 0:00;5279;907;2714;0;8900;155;31;128;0;314;319;26;95;0;440
22/10/2021 0:00;5545;882;2658;0;9085;146;28;133;0;307;325;26;94;0;445
23/10/2021 0:00;5884;828;2395;0;9107;138;25;124;0;287;317;29;92;0;438
24/10/2021 0:00;6655;709;2066;0;9430;138;24;115;0;277;306;24;91;0;421
25/10/2021 0:00;7144;611;1777;0;9532;126;23;107;0;256;317;27;101;0;445
26/10/2021 0:00;8294;518;1526;0;10338;111;16;96;0;223;314;30;110;0;454
27/10/2021 0:00;9327;410;1187;0;10924;90;14;76;0;180;307;29;113;0;449
28/10/2021 0:00;10031;315;854;0;11200;75;9;60;0;144;310;33;119;1;463
29/10/2021 0:00;10465;210;567;0;11242;55;8;46;0;109;289;31;119;1;440
30/10/2021 0:00;10992;129;347;0;11468;37;5;36;0;78;295;25;124;2;446
31/10/2021 0:00;11161;81;233;0;11475;22;3;20;0;45;293;28;122;2;445
1/11/2021 0:00;11190;50;163;0;11403;13;2;8;0;23;289;26;117;2;434
2/11/2021 0:00;10423;29;75;0;10527;4;1;2;0;7;301;26;111;2;440
3/11/2021 0:00;9937;3;7;0;9947;0;0;1;0;1;312;22;93;2;429
4/11/2021 0:00;9684;0;0;0;9684;0;0;0;0;0;331;16;74;1;422
5/11/2021 0:00;9740;0;0;0;9740;0;0;0;0;0;345;13;60;1;419
6/11/2021 0:00;9763;0;0;0;9763;0;0;0;0;0;350;13;42;0;405
7/11/2021 0:00;9013;0;0;0;9013;0;0;0;0;0;366;8;32;0;406
