Dates;InfectadosNoVacunados;InfectadosPrimeraDosis;InfectadosEsquemaCompleto;InfectadosDosisRefuerzo;InfectadosVacunados;InfectadosTotal;HospitalizadosNoVacunados;HospitalizadosPrimeraDosis;HospitalizadosEsquemaCompleto;HospitalizadosDosisRefuerzo;HospitalizadosVacunados;HospitalizadosTotal;MuertesNoVacunados;MuertesPrimeraDosis;MuertesEsquemaCompleto;MuertesDosisRefuerzo;MuertosVacunados;MuertesTotal
2020-03-06 00:00:00;1;0;0;0;0;1;1;0;0;0;0;1;0;0;0;0;0;0
2020-03-09 00:00:00;2;0;0;0;0;2;1;0;0;0;0;1;0;0;0;0;0;0
2020-03-11 00:00:00;6;0;0;0;0;6;3;0;0;0;0;3;1;0;0;0;0;1
2020-03-12 00:00:00;4;0;0;0;0;4;3;0;0;0;0;3;0;0;0;0;0;0
2020-03-13 00:00:00;5;0;0;0;0;5;3;0;0;0;0;3;0;0;0;0;0;0
2020-03-14 00:00:00;16;0;0;0;0;16;4;0;0;0;0;4;0;0;0;0;0;0
2020-03-15 00:00:00;20;0;0;0;0;20;5;0;0;0;0;5;1;0;0;0;0;1
2020-03-16 00:00:00;14;0;0;0;0;14;7;0;0;0;0;7;1;0;0;0;0;1
2020-03-17 00:00:00;26;0;0;0;0;26;4;0;0;0;0;4;0;0;0;0;0;0
2020-03-18 00:00:00;12;0;0;0;0;12;8;0;0;0;0;8;0;0;0;0;0;0
2020-03-19 00:00:00;26;0;0;0;0;26;15;0;0;0;0;15;0;0;0;0;0;0
2020-03-20 00:00:00;48;0;0;0;0;48;16;0;0;0;0;16;0;0;0;0;0;0
2020-03-21 00:00:00;34;0;0;0;0;34;15;0;0;0;0;15;0;0;0;0;0;0
2020-03-22 00:00:00;29;0;0;0;0;29;18;0;0;0;0;18;2;0;0;0;0;2
2020-03-23 00:00:00;73;0;0;0;0;73;22;0;0;0;0;22;1;0;0;0;0;1
2020-03-24 00:00:00;105;0;0;0;0;105;26;0;0;0;0;26;1;0;0;0;0;1
2020-03-25 00:00:00;61;0;0;0;0;61;25;0;0;0;0;25;4;0;0;0;0;4
2020-03-26 00:00:00;10;0;0;0;0;10;48;0;0;0;0;48;2;0;0;0;0;2
2020-03-27 00:00:00;49;0;0;0;0;49;40;0;0;0;0;40;3;0;0;0;0;3
2020-03-28 00:00:00;69;0;0;0;0;69;34;0;0;0;0;34;5;0;0;0;0;5
2020-03-29 00:00:00;95;0;0;0;0;95;55;0;0;0;0;55;1;0;0;0;0;1
2020-03-30 00:00:00;96;0;0;0;0;96;54;0;0;0;0;54;5;0;0;0;0;5
2020-03-31 00:00:00;108;0;0;0;0;108;67;0;0;0;0;67;5;0;0;0;0;5
2020-04-01 00:00:00;162;0;0;0;0;162;55;0;0;0;0;55;4;0;0;0;0;4
2020-04-02 00:00:00;98;0;0;0;0;98;57;0;0;0;0;57;7;0;0;0;0;7
2020-04-03 00:00:00;106;0;0;0;0;106;62;0;0;0;0;62;14;0;0;0;0;14
2020-04-04 00:00:00;139;0;0;0;0;139;44;0;0;0;0;44;16;0;0;0;0;16
2020-04-05 00:00:00;79;0;0;0;0;79;37;0;0;0;0;37;8;0;0;0;0;8
2020-04-06 00:00:00;98;0;0;0;0;98;49;0;0;0;0;49;12;0;0;0;0;12
2020-04-07 00:00:00;132;0;0;0;0;132;41;0;0;0;0;41;9;0;0;0;0;9
2020-04-08 00:00:00;346;0;0;0;0;346;38;0;0;0;0;38;5;0;0;0;0;5
2020-04-09 00:00:00;173;0;0;0;0;173;39;0;0;0;0;39;14;0;0;0;0;14
2020-04-10 00:00:00;251;0;0;0;0;251;35;0;0;0;0;35;5;0;0;0;0;5
2020-04-11 00:00:00;235;0;0;0;0;235;42;0;0;0;0;42;9;0;0;0;0;9
2020-04-12 00:00:00;69;0;0;0;0;69;24;0;0;0;0;24;12;0;0;0;0;12
2020-04-13 00:00:00;75;0;0;0;0;75;26;0;0;0;0;26;7;0;0;0;0;7
2020-04-14 00:00:00;123;0;0;0;0;123;38;0;0;0;0;38;11;0;0;0;0;11
2020-04-15 00:00:00;126;0;0;0;0;126;28;0;0;0;0;28;12;0;0;0;0;12
2020-04-16 00:00:00;127;0;0;0;0;127;31;0;0;0;0;31;16;0;0;0;0;16
2020-04-17 00:00:00;204;0;0;0;0;204;31;0;0;0;0;31;5;0;0;0;0;5
2020-04-18 00:00:00;186;0;0;0;0;186;40;0;0;0;0;40;13;0;0;0;0;13
2020-04-19 00:00:00;175;0;0;0;0;175;36;0;0;0;0;36;9;0;0;0;0;9
2020-04-20 00:00:00;182;0;0;0;0;182;27;0;0;0;0;27;10;0;0;0;0;10
2020-04-21 00:00:00;175;0;0;0;0;175;34;0;0;0;0;34;10;0;0;0;0;10
2020-04-22 00:00:00;194;0;0;0;0;194;26;0;0;0;0;26;9;0;0;0;0;9
2020-04-23 00:00:00;195;0;0;0;0;195;43;0;0;0;0;43;10;0;0;0;0;10
2020-04-24 00:00:00;305;0;0;0;0;305;38;0;0;0;0;38;15;0;0;0;0;15
2020-04-25 00:00:00;263;0;0;0;0;263;39;0;0;0;0;39;11;0;0;0;0;11
2020-04-26 00:00:00;239;0;0;0;0;239;61;0;0;0;0;61;18;0;0;0;0;18
2020-04-27 00:00:00;217;0;0;0;0;217;63;0;0;0;0;63;11;0;0;0;0;11
2020-04-28 00:00:00;354;0;0;0;0;354;31;0;0;0;0;31;13;0;0;0;0;13
2020-04-29 00:00:00;260;0;0;0;0;260;53;0;0;0;0;53;21;0;0;0;0;21
2020-04-30 00:00:00;310;0;0;0;0;310;71;0;0;0;0;71;26;0;0;0;0;26
2020-05-01 00:00:00;479;0;0;0;0;479;55;0;0;0;0;55;13;0;0;0;0;13
2020-05-02 00:00:00;281;0;0;0;0;281;72;0;0;0;0;72;21;0;0;0;0;21
2020-05-03 00:00:00;421;0;0;0;0;421;50;0;0;0;0;50;19;0;0;0;0;19
2020-05-04 00:00:00;308;0;0;0;0;308;65;0;0;0;0;65;21;0;0;0;0;21
2020-05-05 00:00:00;642;0;0;0;0;642;74;0;0;0;0;74;20;0;0;0;0;20
2020-05-06 00:00:00;352;0;0;0;0;352;70;0;0;0;0;70;25;0;0;0;0;25
2020-05-07 00:00:00;498;0;0;0;0;498;78;0;0;0;0;78;28;0;0;0;0;28
2020-05-08 00:00:00;594;0;0;0;0;594;84;0;0;0;0;84;22;0;0;0;0;22
2020-05-09 00:00:00;446;0;0;0;0;446;77;0;0;0;0;77;20;0;0;0;0;20
2020-05-10 00:00:00;574;0;0;0;0;574;90;0;0;0;0;90;19;0;0;0;0;19
2020-05-11 00:00:00;554;0;0;0;0;554;101;0;0;0;0;101;34;0;0;0;0;34
2020-05-12 00:00:00;666;0;0;0;0;666;89;0;0;0;0;89;13;0;0;0;0;13
2020-05-13 00:00:00;653;0;0;0;0;653;90;0;0;0;0;90;14;0;0;0;0;14
2020-05-14 00:00:00;681;0;0;0;0;681;92;0;0;0;0;92;23;0;0;0;0;23
2020-05-15 00:00:00;603;0;0;0;0;603;104;0;0;0;0;104;27;0;0;0;0;27
2020-05-16 00:00:00;728;0;0;0;0;728;109;0;0;0;0;109;20;0;0;0;0;20
2020-05-17 00:00:00;644;0;0;0;0;644;95;0;0;0;0;95;26;0;0;0;0;26
2020-05-18 00:00:00;724;0;0;0;0;724;114;0;0;0;0;114;28;0;0;0;0;28
2020-05-19 00:00:00;646;0;0;0;0;646;103;0;0;0;0;103;32;0;0;0;0;32
2020-05-20 00:00:00;778;0;0;0;0;778;137;0;0;0;0;137;32;0;0;0;0;32
2020-05-21 00:00:00;650;0;0;0;0;650;127;0;0;0;0;127;31;0;0;0;0;31
2020-05-22 00:00:00;820;0;0;0;0;820;105;0;0;0;0;105;46;0;0;0;0;46
2020-05-23 00:00:00;1019;0;0;0;0;1019;156;0;0;0;0;156;45;0;0;0;0;45
2020-05-24 00:00:00;1011;0;0;0;0;1011;142;0;0;0;0;142;42;0;0;0;0;42
2020-05-25 00:00:00;805;0;0;0;0;805;133;0;0;0;0;133;28;0;0;0;0;28
2020-05-26 00:00:00;1031;0;0;0;0;1031;134;0;0;0;0;134;52;0;0;0;0;52
2020-05-27 00:00:00;1107;0;0;0;0;1107;158;0;0;0;0;158;41;0;0;0;0;41
2020-05-28 00:00:00;1253;0;0;0;0;1253;129;0;0;0;0;129;44;0;0;0;0;44
2020-05-29 00:00:00;1340;0;0;0;0;1340;160;0;0;0;0;160;53;0;0;0;0;53
2020-05-30 00:00:00;1565;0;0;0;0;1565;146;0;0;0;0;146;54;0;0;0;0;54
2020-05-31 00:00:00;1146;0;0;0;0;1146;158;0;0;0;0;158;51;0;0;0;0;51
2020-06-01 00:00:00;1148;0;0;0;0;1148;185;0;0;0;0;185;55;0;0;0;0;55
2020-06-02 00:00:00;1292;0;0;0;0;1292;171;0;0;0;0;171;62;0;0;0;0;62
2020-06-03 00:00:00;1523;0;0;0;0;1523;200;0;0;0;0;200;87;0;0;0;0;87
2020-06-04 00:00:00;1727;0;0;0;0;1727;197;0;0;0;0;197;65;0;0;0;0;65
2020-06-05 00:00:00;1475;0;0;0;0;1475;223;0;0;0;0;223;80;0;0;0;0;80
2020-06-06 00:00:00;1371;0;0;0;0;1371;200;0;0;0;0;200;71;0;0;0;0;71
2020-06-07 00:00:00;1225;0;0;0;0;1225;188;0;0;0;0;188;78;0;0;0;0;78
2020-06-08 00:00:00;1472;0;0;0;0;1472;250;0;0;0;0;250;78;0;0;0;0;78
2020-06-09 00:00:00;1376;0;0;0;0;1376;230;0;0;0;0;230;84;0;0;0;0;84
2020-06-10 00:00:00;1616;0;0;0;0;1616;228;0;0;0;0;228;78;0;0;0;0;78
2020-06-11 00:00:00;1957;0;0;0;0;1957;252;0;0;0;0;252;84;0;0;0;0;84
2020-06-12 00:00:00;1274;0;0;0;0;1274;220;0;0;0;0;220;87;0;0;0;0;87
2020-06-13 00:00:00;2226;0;0;0;0;2226;226;0;0;0;0;226;86;0;0;0;0;86
2020-06-14 00:00:00;2287;0;0;0;0;2287;222;0;0;0;0;222;122;0;0;0;0;122
2020-06-15 00:00:00;1696;0;1;0;1;1697;264;0;0;0;0;264;107;0;0;0;0;107
2020-06-16 00:00:00;2289;0;0;0;0;2289;287;0;0;0;0;287;119;0;0;0;0;119
2020-06-17 00:00:00;1559;0;0;0;0;1559;272;0;0;0;0;272;117;0;0;0;0;117
2020-06-18 00:00:00;3077;0;0;0;0;3077;281;0;0;0;0;281;137;0;0;0;0;137
2020-06-19 00:00:00;3092;0;0;0;0;3092;270;0;0;0;0;270;119;0;0;0;0;119
2020-06-20 00:00:00;2531;0;0;0;0;2531;248;0;0;0;0;248;126;0;0;0;0;126
2020-06-21 00:00:00;2859;0;0;0;0;2859;264;0;0;0;0;264;150;0;0;0;0;150
2020-06-22 00:00:00;3073;0;0;0;0;3073;305;0;0;0;0;305;149;0;0;0;0;149
2020-06-23 00:00:00;3179;0;0;0;0;3179;329;0;0;0;0;329;145;0;0;0;0;145
2020-06-24 00:00:00;2812;0;0;0;0;2812;368;0;0;0;0;368;154;0;0;0;0;154
2020-06-25 00:00:00;3592;0;0;0;0;3592;336;0;0;0;0;336;151;0;0;0;0;151
2020-06-26 00:00:00;4600;0;0;0;0;4600;345;0;0;0;0;345;151;0;0;0;0;151
2020-06-27 00:00:00;4280;0;0;0;0;4280;336;0;0;0;0;336;154;0;0;0;0;154
2020-06-28 00:00:00;3857;0;0;0;0;3857;332;0;0;0;0;332;149;0;0;0;0;149
2020-06-29 00:00:00;2204;0;0;0;0;2204;367;0;0;0;0;367;165;0;0;0;0;165
2020-06-30 00:00:00;2115;0;0;0;0;2115;415;0;0;0;0;415;166;0;0;0;0;166
2020-07-01 00:00:00;4550;0;0;0;0;4550;440;0;0;0;0;440;162;0;0;0;0;162
2020-07-02 00:00:00;4321;0;0;0;0;4321;464;0;0;0;0;464;180;0;0;0;0;180
2020-07-03 00:00:00;3965;0;0;0;0;3965;480;0;0;0;0;480;193;0;0;0;0;193
2020-07-04 00:00:00;4497;0;0;0;0;4497;456;0;0;0;0;456;158;0;0;0;0;158
2020-07-05 00:00:00;3906;0;0;0;0;3906;487;0;0;0;0;487;185;0;0;0;0;185
2020-07-06 00:00:00;3667;0;0;0;0;3667;606;0;0;0;0;606;206;0;0;0;0;206
2020-07-07 00:00:00;5106;0;0;0;0;5106;648;0;0;0;0;648;228;0;0;0;0;228
2020-07-08 00:00:00;4776;0;0;0;0;4776;649;0;0;0;0;649;207;0;0;0;0;207
2020-07-09 00:00:00;6453;0;0;0;0;6453;695;0;0;0;0;695;224;0;0;0;0;224
2020-07-10 00:00:00;7591;0;0;0;0;7591;669;0;0;0;0;669;216;0;0;0;0;216
2020-07-11 00:00:00;6721;0;0;0;0;6721;604;0;0;0;0;604;228;0;0;0;0;228
2020-07-12 00:00:00;5642;0;0;0;0;5642;620;0;0;0;0;620;223;0;0;0;0;223
2020-07-13 00:00:00;7354;0;0;0;0;7354;737;0;0;0;0;737;268;0;0;0;0;268
2020-07-14 00:00:00;7865;0;0;0;0;7865;722;0;0;0;0;722;238;0;0;0;0;238
2020-07-15 00:00:00;7103;0;0;0;0;7103;749;0;0;0;0;749;258;0;0;0;0;258
2020-07-16 00:00:00;7677;0;0;0;0;7677;741;0;0;0;0;741;258;0;0;0;0;258
2020-07-17 00:00:00;3607;0;0;0;0;3607;764;0;0;0;0;764;304;0;0;0;0;304
2020-07-18 00:00:00;5843;0;0;0;0;5843;713;0;0;0;0;713;279;0;0;0;0;279
2020-07-19 00:00:00;7923;0;1;0;1;7924;721;0;0;0;0;721;268;0;0;0;0;268
2020-07-20 00:00:00;6409;0;0;0;0;6409;700;0;0;0;0;700;277;0;0;0;0;277
2020-07-21 00:00:00;9178;0;0;0;0;9178;836;0;0;0;0;836;338;0;0;0;0;338
2020-07-22 00:00:00;11399;0;0;0;0;11399;795;0;0;0;0;795;316;0;0;0;0;316
2020-07-23 00:00:00;7559;0;0;0;0;7559;787;0;0;0;0;787;322;0;0;0;0;322
2020-07-24 00:00:00;9458;0;0;0;0;9458;768;0;0;0;0;768;328;0;0;0;0;328
2020-07-25 00:00:00;7295;0;0;0;0;7295;735;0;0;0;0;735;304;0;0;0;0;304
2020-07-26 00:00:00;5273;0;0;0;0;5273;696;0;0;0;0;696;318;0;0;0;0;318
2020-07-27 00:00:00;10242;0;0;0;0;10242;849;0;0;0;0;849;340;0;0;0;0;340
2020-07-28 00:00:00;14599;0;0;0;0;14599;869;0;0;0;0;869;343;0;0;0;0;343
2020-07-29 00:00:00;10307;0;0;0;0;10307;809;0;0;0;0;809;353;0;0;0;0;353
2020-07-30 00:00:00;9256;0;0;0;0;9256;751;0;0;0;0;751;384;0;0;0;0;384
2020-07-31 00:00:00;6964;0;0;0;0;6964;930;0;0;0;0;930;359;0;0;0;0;359
2020-08-01 00:00:00;10631;0;0;0;0;10631;793;0;0;0;0;793;329;0;0;0;0;329
2020-08-02 00:00:00;10751;0;0;0;0;10751;717;0;0;0;0;717;326;0;0;0;0;326
2020-08-03 00:00:00;8866;0;0;0;0;8866;719;0;0;0;0;719;369;0;0;0;0;369
2020-08-04 00:00:00;11695;0;0;0;0;11695;793;0;0;0;0;793;325;0;0;0;0;325
2020-08-05 00:00:00;10506;0;0;0;0;10506;845;0;0;0;0;845;336;0;0;0;0;336
2020-08-06 00:00:00;9954;0;0;0;0;9954;653;0;0;0;0;653;345;0;0;0;0;345
2020-08-07 00:00:00;10422;0;0;0;0;10422;662;0;0;0;0;662;352;0;0;0;0;352
2020-08-08 00:00:00;11075;0;0;0;0;11075;653;0;0;0;0;653;383;0;0;0;0;383
2020-08-09 00:00:00;6728;0;0;0;0;6728;570;0;0;0;0;570;347;0;0;0;0;347
2020-08-10 00:00:00;8677;0;0;0;0;8677;679;0;0;0;0;679;328;0;0;0;0;328
2020-08-11 00:00:00;17578;0;0;0;0;17578;636;0;0;0;0;636;353;0;0;0;0;353
2020-08-12 00:00:00;9604;0;0;0;0;9604;637;0;0;0;0;637;301;0;0;0;0;301
2020-08-13 00:00:00;13901;0;0;0;0;13901;631;0;0;0;0;631;347;0;0;0;0;347
2020-08-14 00:00:00;7610;0;0;0;0;7610;578;0;0;0;0;578;301;0;0;0;0;301
2020-08-15 00:00:00;11424;0;0;0;0;11424;559;0;0;0;0;559;307;0;0;0;0;307
2020-08-16 00:00:00;13411;0;0;0;0;13411;524;0;0;0;0;524;306;0;0;0;0;306
2020-08-17 00:00:00;10116;0;0;0;0;10116;546;0;0;0;0;546;302;0;0;0;0;302
2020-08-18 00:00:00;7603;0;0;0;0;7603;655;0;0;0;0;655;323;0;0;0;0;323
2020-08-19 00:00:00;13783;0;0;0;0;13783;559;0;0;0;0;559;335;0;0;0;0;335
2020-08-20 00:00:00;12272;0;0;0;0;12272;580;0;0;0;0;580;300;0;0;0;0;300
2020-08-21 00:00:00;10492;0;0;0;0;10492;566;0;0;0;0;566;320;0;0;0;0;320
2020-08-22 00:00:00;8933;0;0;0;0;8933;519;0;0;0;0;519;279;0;0;0;0;279
2020-08-23 00:00:00;7530;0;0;0;0;7530;482;0;0;0;0;482;278;0;0;0;0;278
2020-08-24 00:00:00;9960;0;0;0;0;9960;642;0;0;0;0;642;296;0;0;0;0;296
2020-08-25 00:00:00;10996;0;0;0;0;10996;626;0;0;0;0;626;297;0;0;0;0;297
2020-08-26 00:00:00;9602;1;0;0;1;9603;491;0;0;0;0;491;267;0;0;0;0;267
2020-08-27 00:00:00;8956;0;0;0;0;8956;564;1;0;0;1;565;308;0;0;0;0;308
2020-08-28 00:00:00;9312;0;0;0;0;9312;494;0;0;0;0;494;293;0;0;0;0;293
2020-08-29 00:00:00;7005;0;0;0;0;7005;436;0;0;0;0;436;282;0;0;0;0;282
2020-08-30 00:00:00;6185;0;0;0;0;6185;410;0;0;0;0;410;225;0;0;0;0;225
2020-08-31 00:00:00;9366;0;0;0;0;9366;518;0;0;0;0;518;266;0;0;0;0;266
2020-09-01 00:00:00;9009;0;0;0;0;9009;438;0;0;0;0;438;261;0;0;0;0;261
2020-09-02 00:00:00;9717;0;0;0;0;9717;463;0;0;0;0;463;258;0;0;0;0;258
2020-09-03 00:00:00;6623;0;0;0;0;6623;494;0;0;0;0;494;248;0;0;0;0;248
2020-09-04 00:00:00;8417;0;0;0;0;8417;540;0;0;0;0;540;258;0;0;0;0;258
2020-09-05 00:00:00;7470;0;0;0;0;7470;468;0;0;0;0;468;243;0;0;0;0;243
2020-09-06 00:00:00;3966;0;0;0;0;3966;411;0;0;0;0;411;238;0;0;0;0;238
2020-09-07 00:00:00;8230;0;0;0;0;8230;525;0;0;0;0;525;245;0;0;0;0;245
2020-09-08 00:00:00;7399;0;0;0;0;7399;466;0;0;0;0;466;240;0;0;0;0;240
2020-09-09 00:00:00;8940;0;0;0;0;8940;480;0;0;0;0;480;216;0;0;0;0;216
2020-09-10 00:00:00;9604;0;0;0;0;9604;465;0;0;0;0;465;222;0;0;0;0;222
2020-09-11 00:00:00;7129;0;0;0;0;7129;454;0;0;0;0;454;229;0;0;0;0;229
2020-09-12 00:00:00;6577;0;0;0;0;6577;451;0;0;0;0;451;218;0;0;0;0;218
2020-09-13 00:00:00;3697;0;0;0;0;3697;399;0;0;0;0;399;212;0;0;0;0;212
2020-09-14 00:00:00;8018;0;0;0;0;8018;521;0;0;0;0;521;219;0;0;0;0;219
2020-09-15 00:00:00;8471;0;0;0;0;8471;471;0;0;0;0;471;206;0;0;0;0;206
2020-09-16 00:00:00;7641;0;0;0;0;7641;454;0;0;0;0;454;217;0;0;0;0;217
2020-09-17 00:00:00;8429;0;0;0;0;8429;412;0;0;0;0;412;221;0;0;0;0;221
2020-09-18 00:00:00;7707;0;0;0;0;7707;448;0;0;0;0;448;193;0;0;0;0;193
2020-09-19 00:00:00;5913;0;0;0;0;5913;407;0;0;0;0;407;220;0;0;0;0;220
2020-09-20 00:00:00;4347;0;0;0;0;4347;393;0;0;0;0;393;174;0;0;0;0;174
2020-09-21 00:00:00;7944;0;0;0;0;7944;472;0;0;0;0;472;233;0;0;0;0;233
2020-09-22 00:00:00;7667;0;0;0;0;7667;510;0;0;0;0;510;205;0;0;0;0;205
2020-09-23 00:00:00;10228;0;0;0;0;10228;413;0;0;0;0;413;197;0;0;0;0;197
2020-09-24 00:00:00;8608;0;0;0;0;8608;415;0;0;0;0;415;193;0;0;0;0;193
2020-09-25 00:00:00;6101;0;0;0;0;6101;361;0;0;0;0;361;188;0;0;0;0;188
2020-09-26 00:00:00;6710;0;0;0;0;6710;418;0;0;0;0;418;200;0;0;0;0;200
2020-09-27 00:00:00;4307;0;0;0;0;4307;360;0;0;0;0;360;200;0;0;0;0;200
2020-09-28 00:00:00;7084;0;0;0;0;7084;461;0;0;0;0;461;209;0;0;0;0;209
2020-09-29 00:00:00;7463;0;0;0;0;7463;370;0;0;0;0;370;199;0;0;0;0;199
2020-09-30 00:00:00;7965;0;0;0;0;7965;408;0;0;0;0;408;193;0;0;0;0;193
2020-10-01 00:00:00;8916;0;0;0;0;8916;472;0;0;0;0;472;209;0;0;0;0;209
2020-10-02 00:00:00;10201;0;0;0;0;10201;442;0;0;0;0;442;208;0;0;0;0;208
2020-10-03 00:00:00;8376;0;0;0;0;8376;421;0;0;0;0;421;180;0;0;0;0;180
2020-10-04 00:00:00;4932;0;0;0;0;4932;411;0;0;0;0;411;192;0;0;0;0;192
2020-10-05 00:00:00;6115;1;0;0;1;6116;522;0;0;0;0;522;187;0;0;0;0;187
2020-10-06 00:00:00;5778;0;0;0;0;5778;437;0;0;0;0;437;211;0;0;0;0;211
2020-10-07 00:00:00;8720;0;0;0;0;8720;391;0;0;0;0;391;174;0;0;0;0;174
2020-10-07 00:00:01;1;0;0;0;0;1;0;0;0;0;0;0;0;0;0;0;0;0
2020-10-08 00:00:00;9673;0;0;0;0;9673;441;0;0;0;0;441;176;0;0;0;0;176
2020-10-09 00:00:00;8232;0;0;0;0;8232;374;0;0;0;0;374;181;0;0;0;0;181
2020-10-10 00:00:00;6215;0;0;0;0;6215;397;0;0;0;0;397;202;0;0;0;0;202
2020-10-11 00:00:00;5152;1;0;0;1;5153;408;0;0;0;0;408;212;0;0;0;0;212
2020-10-12 00:00:00;4150;0;0;0;0;4150;391;0;0;0;0;391;207;0;0;0;0;207
2020-10-13 00:00:00;7118;0;0;0;0;7118;486;0;0;0;0;486;212;0;0;0;0;212
2020-10-14 00:00:00;8325;0;0;0;0;8325;503;0;0;0;0;503;184;0;0;0;0;184
2020-10-15 00:00:00;9232;0;0;0;0;9232;520;0;0;0;0;520;202;0;0;0;0;202
2020-10-16 00:00:00;9222;0;0;0;0;9222;415;1;0;0;1;416;212;0;0;0;0;212
2020-10-17 00:00:00;7713;0;0;0;0;7713;412;0;0;0;0;412;202;0;0;0;0;202
2020-10-18 00:00:00;5685;0;0;0;0;5685;428;0;0;0;0;428;182;0;0;0;0;182
2020-10-19 00:00:00;9331;0;0;0;0;9331;532;0;0;0;0;532;207;0;0;0;0;207
2020-10-20 00:00:00;10140;1;0;0;1;10141;536;0;0;0;0;536;206;0;0;0;0;206
2020-10-21 00:00:00;10620;0;0;0;0;10620;446;0;0;0;0;446;207;0;0;0;0;207
2020-10-22 00:00:00;9645;1;0;0;1;9646;471;0;0;0;0;471;191;0;0;0;0;191
2020-10-23 00:00:00;9708;0;0;0;0;9708;455;0;0;0;0;455;240;0;0;0;0;240
2020-10-24 00:00:00;5500;0;0;0;0;5500;442;0;0;0;0;442;213;0;0;0;0;213
2020-10-25 00:00:00;6198;0;0;0;0;6198;457;0;0;0;0;457;210;0;0;0;0;210
2020-10-26 00:00:00;9495;0;0;0;0;9495;518;0;0;0;0;518;221;0;0;0;0;221
2020-10-27 00:00:00;9588;0;0;0;0;9588;630;0;0;0;0;630;220;0;0;0;0;220
2020-10-28 00:00:00;9102;0;0;0;0;9102;569;0;0;0;0;569;209;0;0;0;0;209
2020-10-29 00:00:00;9748;0;0;0;0;9748;488;0;0;0;0;488;235;0;0;0;0;235
2020-10-30 00:00:00;9377;0;0;0;0;9377;508;0;0;0;0;508;224;0;0;0;0;224
2020-10-31 00:00:00;8380;0;0;0;0;8380;395;0;0;0;0;395;201;0;0;0;0;201
2020-11-01 00:00:00;5168;0;0;0;0;5168;401;0;0;0;0;401;191;0;0;0;0;191
2020-11-02 00:00:00;5946;1;0;0;1;5947;378;0;0;0;0;378;219;0;0;0;0;219
2020-11-03 00:00:00;9200;0;0;0;0;9200;444;0;0;0;0;444;239;0;0;0;0;239
2020-11-04 00:00:00;9282;0;0;0;0;9282;412;0;0;0;0;412;252;0;0;0;0;252
2020-11-05 00:00:00;9991;0;0;0;0;9991;421;0;0;0;0;421;211;0;0;0;0;211
2020-11-06 00:00:00;9136;0;0;0;0;9136;392;0;0;0;0;392;212;0;0;0;0;212
2020-11-07 00:00:00;7698;0;0;0;0;7698;345;0;0;0;0;345;219;0;0;0;0;219
2020-11-08 00:00:00;5811;0;0;0;0;5811;337;0;0;0;0;337;189;0;0;0;0;189
2020-11-09 00:00:00;9085;0;0;0;0;9085;453;0;0;0;0;453;189;0;0;0;0;189
2020-11-10 00:00:00;8587;0;0;0;0;8587;379;0;0;0;0;379;205;0;0;0;0;205
2020-11-11 00:00:00;8638;0;0;0;0;8638;347;0;0;0;0;347;203;0;0;0;0;203
2020-11-12 00:00:00;9182;0;0;0;0;9182;476;0;0;0;0;476;228;0;0;0;0;228
2020-11-13 00:00:00;8812;0;0;0;0;8812;420;0;0;0;0;420;204;0;0;0;0;204
2020-11-14 00:00:00;7342;0;0;0;0;7342;345;0;0;0;0;345;210;0;0;0;0;210
2020-11-15 00:00:00;4838;0;0;0;0;4838;359;0;0;0;0;359;231;0;0;0;0;231
2020-11-16 00:00:00;5163;0;0;0;0;5163;431;0;0;0;0;431;221;0;0;0;0;221
2020-11-17 00:00:00;9556;0;0;0;0;9556;461;0;0;0;0;461;188;0;0;0;0;188
2020-11-18 00:00:00;8479;0;0;0;0;8479;417;0;0;0;0;417;215;0;0;0;0;215
2020-11-19 00:00:00;10785;0;0;0;0;10785;471;0;0;0;0;471;217;0;0;0;0;217
2020-11-20 00:00:00;12358;0;0;0;0;12358;460;0;0;0;0;460;213;0;0;0;0;213
2020-11-21 00:00:00;8924;0;0;0;0;8924;419;0;0;0;0;419;230;0;0;0;0;230
2020-11-22 00:00:00;3916;0;0;0;0;3916;406;0;0;0;0;406;224;0;0;0;0;224
2020-11-23 00:00:00;9496;0;0;0;0;9496;497;0;0;0;0;497;217;0;0;0;0;217
2020-11-24 00:00:00;9812;0;0;0;0;9812;467;0;0;0;0;467;232;0;0;0;0;232
2020-11-25 00:00:00;10206;0;1;0;1;10207;419;0;0;0;0;419;205;0;0;0;0;205
2020-11-26 00:00:00;9840;0;0;0;0;9840;456;0;0;0;0;456;232;0;0;0;0;232
2020-11-27 00:00:00;9587;0;0;0;0;9587;411;0;0;0;0;411;231;0;0;0;0;231
2020-11-28 00:00:00;7068;0;0;0;0;7068;375;0;0;0;0;375;219;0;0;0;0;219
2020-11-29 00:00:00;4552;0;0;0;0;4552;384;0;0;0;0;384;211;0;0;0;0;211
2020-11-30 00:00:00;8715;0;0;0;0;8715;423;0;0;0;0;423;200;0;0;0;0;200
2020-12-01 00:00:00;8966;0;0;0;0;8966;417;0;0;0;0;417;211;0;0;0;0;211
2020-12-02 00:00:00;8483;0;0;0;0;8483;474;0;0;0;0;474;217;0;0;0;0;217
2020-12-03 00:00:00;8278;0;0;0;0;8278;430;0;0;0;0;430;216;0;0;0;0;216
2020-12-04 00:00:00;10926;0;0;0;0;10926;487;0;0;0;0;487;202;0;0;0;0;202
2020-12-05 00:00:00;7372;0;1;0;1;7373;388;0;0;0;0;388;215;0;0;0;0;215
2020-12-06 00:00:00;4904;0;0;0;0;4904;429;0;0;0;0;429;217;0;0;0;0;217
2020-12-07 00:00:00;9650;0;1;0;1;9651;489;0;0;0;0;489;224;0;0;0;0;224
2020-12-08 00:00:00;6114;0;0;0;0;6114;401;0;0;0;0;401;218;0;0;0;0;218
2020-12-09 00:00:00;10859;0;0;0;0;10859;596;0;0;0;0;596;227;0;0;0;0;227
2020-12-10 00:00:00;10737;0;0;0;0;10737;807;0;0;0;0;807;220;0;0;0;0;220
2020-12-11 00:00:00;10763;0;0;0;0;10763;587;0;0;0;0;587;252;0;0;0;0;252
2020-12-12 00:00:00;10901;0;1;0;1;10902;859;0;0;0;0;859;224;0;0;0;0;224
2020-12-13 00:00:00;6971;0;0;0;0;6971;537;0;0;0;0;537;241;0;0;0;0;241
2020-12-14 00:00:00;12239;0;0;0;0;12239;620;0;0;0;0;620;220;0;0;0;0;220
2020-12-15 00:00:00;13284;0;0;0;0;13284;705;0;0;0;0;705;247;0;0;0;0;247
2020-12-16 00:00:00;14145;0;0;0;0;14145;654;0;0;0;0;654;267;0;0;0;0;267
2020-12-17 00:00:00;12944;0;0;0;0;12944;700;0;0;0;0;700;265;0;0;0;0;265
2020-12-18 00:00:00;14064;0;0;0;0;14064;693;0;0;0;0;693;278;0;0;0;0;278
2020-12-19 00:00:00;12035;0;0;0;0;12035;689;0;0;0;0;689;277;0;0;0;0;277
2020-12-20 00:00:00;8052;0;0;0;0;8052;634;0;0;0;0;634;284;0;0;0;0;284
2020-12-21 00:00:00;14450;0;0;0;0;14450;742;0;0;0;0;742;304;0;0;0;0;304
2020-12-22 00:00:00;15080;0;0;0;0;15080;755;0;0;0;0;755;287;0;0;0;0;287
2020-12-23 00:00:00;15037;0;0;0;0;15037;702;0;0;0;0;702;287;0;0;0;0;287
2020-12-24 00:00:00;14375;0;0;0;0;14375;736;0;0;0;0;736;301;0;0;0;0;301
2020-12-25 00:00:00;5652;0;0;0;0;5652;684;0;0;0;0;684;271;0;0;0;0;271
2020-12-26 00:00:00;12483;0;0;0;0;12483;933;0;0;0;0;933;313;0;0;0;0;313
2020-12-27 00:00:00;8589;0;0;0;0;8589;807;0;0;0;0;807;275;0;0;0;0;275
2020-12-28 00:00:00;16192;0;0;1;1;16193;1061;0;0;0;0;1061;309;0;0;0;0;309
2020-12-29 00:00:00;17526;0;0;0;0;17526;898;0;0;0;0;898;370;0;0;0;0;370
2020-12-30 00:00:00;19038;0;0;0;0;19038;723;0;0;0;0;723;343;0;0;0;0;343
2020-12-31 00:00:00;13551;0;1;0;1;13552;570;0;0;0;0;570;304;0;0;0;0;304
2021-01-01 00:00:00;5032;0;0;0;0;5032;691;0;0;0;0;691;377;0;0;0;0;377
2021-01-02 00:00:00;11696;0;2;0;2;11698;723;0;0;0;0;723;328;0;0;0;0;328
2021-01-03 00:00:00;10804;0;0;0;0;10804;808;0;0;0;0;808;304;0;0;0;0;304
2021-01-04 00:00:00;16679;0;1;0;1;16680;915;0;0;0;0;915;336;0;0;0;0;336
2021-01-05 00:00:00;22224;0;2;0;2;22226;965;0;0;0;0;965;352;0;0;0;0;352
2021-01-06 00:00:00;20136;0;0;0;0;20136;1009;0;0;0;0;1009;399;0;0;0;0;399
2021-01-07 00:00:00;20140;0;1;0;1;20141;941;0;0;0;0;941;428;0;0;0;0;428
2021-01-08 00:00:00;19314;0;0;0;0;19314;979;0;0;0;0;979;357;0;0;0;0;357
2021-01-09 00:00:00;15345;0;0;0;0;15345;864;0;0;0;0;864;407;0;0;0;0;407
2021-01-10 00:00:00;9155;0;2;0;2;9157;790;0;0;0;0;790;389;0;0;0;0;389
2021-01-11 00:00:00;7540;0;0;0;0;7540;917;0;0;0;0;917;427;0;0;0;0;427
2021-01-12 00:00:00;19818;0;0;0;0;19818;1095;0;0;0;0;1095;427;0;0;0;0;427
2021-01-13 00:00:00;20071;0;0;0;0;20071;976;0;0;0;0;976;447;0;0;0;0;447
2021-01-14 00:00:00;22009;0;0;0;0;22009;947;0;0;0;0;947;417;0;0;0;0;417
2021-01-15 00:00:00;19722;0;1;0;1;19723;888;0;0;0;0;888;441;0;0;0;0;441
2021-01-16 00:00:00;15770;0;0;0;0;15770;815;0;0;0;0;815;430;0;0;0;0;430
2021-01-17 00:00:00;12153;0;0;0;0;12153;663;0;0;0;0;663;470;0;0;0;0;470
2021-01-18 00:00:00;15843;0;0;0;0;15843;874;0;0;0;0;874;461;0;0;0;0;461
2021-01-19 00:00:00;17741;0;1;0;1;17742;757;0;0;0;0;757;471;0;0;0;0;471
2021-01-20 00:00:00;15410;0;1;0;1;15411;706;0;0;0;0;706;447;0;0;0;0;447
2021-01-21 00:00:00;15229;0;0;0;0;15229;752;0;0;0;0;752;480;0;0;0;0;480
2021-01-22 00:00:00;14369;0;0;0;0;14369;740;0;0;0;0;740;417;0;0;0;0;417
2021-01-23 00:00:00;12952;0;0;0;0;12952;661;0;0;0;0;661;392;0;0;0;0;392
2021-01-24 00:00:00;7860;0;0;0;0;7860;533;0;0;0;0;533;419;0;0;0;0;419
2021-01-25 00:00:00;13309;0;0;0;0;13309;624;0;0;0;0;624;451;0;0;0;0;451
2021-01-26 00:00:00;11658;0;0;0;0;11658;566;0;0;0;0;566;419;0;0;0;0;419
2021-01-27 00:00:00;11549;0;0;0;0;11549;505;0;0;0;0;505;405;0;0;0;0;405
2021-01-28 00:00:00;10903;0;1;0;1;10904;497;0;0;0;0;497;367;0;0;0;0;367
2021-01-29 00:00:00;9766;0;0;0;0;9766;497;0;0;0;0;497;373;0;0;0;0;373
2021-01-30 00:00:00;7788;0;0;0;0;7788;415;0;0;0;0;415;354;0;0;0;0;354
2021-01-31 00:00:00;5732;0;0;0;0;5732;403;0;0;0;0;403;340;0;0;0;0;340
2021-02-01 00:00:00;7999;0;1;0;1;8000;420;0;0;0;0;420;324;0;0;0;0;324
2021-02-02 00:00:00;7044;0;0;0;0;7044;433;0;0;0;0;433;330;0;0;0;0;330
2021-02-03 00:00:00;6987;0;0;0;0;6987;386;0;0;0;0;386;328;0;0;0;0;328
2021-02-04 00:00:00;7265;0;0;0;0;7265;388;0;0;0;0;388;322;0;0;0;0;322
2021-02-05 00:00:00;5912;0;1;0;1;5913;317;0;0;0;0;317;310;0;0;0;0;310
2021-02-06 00:00:00;4976;0;0;0;0;4976;321;0;0;0;0;321;288;0;0;0;0;288
2021-02-07 00:00:00;3525;0;0;0;0;3525;320;0;0;0;0;320;306;0;0;0;0;306
2021-02-08 00:00:00;4961;0;1;0;1;4962;323;0;0;0;0;323;256;0;0;0;0;256
2021-02-09 00:00:00;5843;0;0;0;0;5843;267;0;0;0;0;267;275;0;0;0;0;275
2021-02-10 00:00:00;5285;0;0;0;0;5285;297;0;0;0;0;297;250;0;0;0;0;250
2021-02-11 00:00:00;5117;0;0;0;0;5117;274;0;0;0;0;274;206;0;0;0;0;206
2021-02-12 00:00:00;4677;0;0;0;0;4677;262;0;0;0;0;262;250;0;0;0;0;250
2021-02-13 00:00:00;4276;0;0;0;0;4276;245;0;0;0;0;245;222;0;0;0;0;222
2021-02-14 00:00:00;2662;0;0;0;0;2662;220;0;0;0;0;220;240;0;0;0;0;240
2021-02-15 00:00:00;3301;0;0;0;0;3301;280;0;0;0;0;280;190;0;0;0;0;190
2021-02-16 00:00:00;4438;0;0;0;0;4438;253;0;0;0;0;253;214;0;0;0;0;214
2021-02-17 00:00:00;4196;0;0;0;0;4196;244;0;0;0;0;244;229;0;0;0;0;229
2021-02-18 00:00:00;4452;0;0;0;0;4452;299;0;0;0;0;299;215;0;0;0;0;215
2021-02-19 00:00:00;4011;0;0;0;0;4011;273;0;0;0;0;273;187;0;0;0;0;187
2021-02-20 00:00:00;3871;0;0;0;0;3871;266;0;0;0;0;266;179;0;0;0;0;179
2021-02-21 00:00:00;2107;0;0;0;0;2107;196;0;0;0;0;196;188;0;0;0;0;188
2021-02-22 00:00:00;3506;0;0;0;0;3506;254;0;0;0;0;254;181;0;0;0;0;181
2021-02-23 00:00:00;3550;0;0;0;0;3550;237;0;0;0;0;237;197;0;0;0;0;197
2021-02-24 00:00:00;3687;0;0;0;0;3687;206;0;0;0;0;206;175;0;0;0;0;175
2021-02-25 00:00:00;3859;0;0;0;0;3859;199;0;0;0;0;199;157;0;0;0;0;157
2021-02-26 00:00:00;3795;0;0;0;0;3795;202;0;0;0;0;202;157;0;0;0;0;157
2021-02-27 00:00:00;3212;0;0;0;0;3212;193;0;0;0;0;193;150;0;0;0;0;150
2021-02-28 00:00:00;2088;0;0;0;0;2088;163;0;0;0;0;163;163;0;0;0;0;163
2021-03-01 00:00:00;3309;0;0;0;0;3309;245;0;0;0;0;245;128;0;0;0;0;128
2021-03-02 00:00:00;3446;0;0;0;0;3446;197;0;0;0;0;197;138;0;0;0;0;138
2021-03-03 00:00:00;3733;0;0;0;0;3733;237;0;0;0;0;237;146;0;0;0;0;146
2021-03-04 00:00:00;4004;0;0;0;0;4004;231;0;0;0;0;231;153;0;0;0;0;153
2021-03-05 00:00:00;3709;0;1;0;1;3710;248;0;0;0;0;248;159;0;0;0;0;159
2021-03-06 00:00:00;3574;1;0;0;1;3575;222;0;0;0;0;222;177;0;0;0;0;177
2021-03-07 00:00:00;2042;2;0;0;2;2044;198;0;0;0;0;198;150;0;0;0;0;150
2021-03-08 00:00:00;3384;0;0;0;0;3384;237;1;0;0;1;238;135;0;0;0;0;135
2021-03-09 00:00:00;3597;0;0;0;0;3597;249;0;0;0;0;249;141;0;0;0;0;141
2021-03-10 00:00:00;4921;1;0;0;1;4922;242;0;0;0;0;242;128;0;0;0;0;128
2021-03-11 00:00:00;4474;0;0;0;0;4474;277;0;0;0;0;277;124;0;0;0;0;124
2021-03-12 00:00:00;4558;10;0;0;10;4568;235;0;0;0;0;235;130;0;0;0;0;130
2021-03-13 00:00:00;4034;3;0;0;3;4037;258;2;0;0;2;260;161;2;0;0;2;163
2021-03-14 00:00:00;2722;5;0;0;5;2727;258;2;0;0;2;260;149;0;0;0;0;149
2021-03-15 00:00:00;4428;10;1;0;11;4439;341;3;0;0;3;344;157;1;0;0;1;158
2021-03-16 00:00:00;5086;5;0;0;5;5091;344;6;0;0;6;350;140;2;0;0;2;142
2021-03-17 00:00:00;5790;10;0;0;10;5800;326;2;0;0;2;328;160;2;0;0;2;162
2021-03-18 00:00:00;6578;13;1;0;14;6592;403;3;0;0;3;406;137;5;0;0;5;142
2021-03-19 00:00:00;6632;14;0;0;14;6646;386;6;0;0;6;392;153;3;0;0;3;156
2021-03-20 00:00:00;5897;18;1;0;19;5916;339;5;0;0;5;344;144;4;0;0;4;148
2021-03-21 00:00:00;4201;17;3;0;20;4221;386;4;0;0;4;390;191;5;0;0;5;196
2021-03-22 00:00:00;3328;8;0;0;8;3336;419;6;0;0;6;425;171;3;0;0;3;174
2021-03-23 00:00:00;7281;22;0;0;22;7303;442;3;0;0;3;445;162;3;0;0;3;165
2021-03-24 00:00:00;8292;35;1;0;36;8328;460;4;0;0;4;464;162;3;0;0;3;165
2021-03-25 00:00:00;9402;24;4;0;28;9430;459;13;0;0;13;472;184;9;0;0;9;193
2021-03-26 00:00:00;10689;70;2;0;72;10761;473;14;0;0;14;487;192;21;0;0;21;213
2021-03-27 00:00:00;8652;47;4;0;51;8703;446;22;0;0;22;468;169;11;0;0;11;180
2021-03-28 00:00:00;5849;51;3;0;54;5903;432;16;0;0;16;448;163;20;0;0;20;183
2021-03-29 00:00:00;10825;78;5;0;83;10908;628;30;0;0;30;658;197;36;0;0;36;233
2021-03-30 00:00:00;11348;58;13;0;71;11419;636;34;0;0;34;670;201;28;0;0;28;229
2021-03-31 00:00:00;12227;64;8;0;72;12299;605;43;0;0;43;648;208;28;0;0;28;236
2021-04-01 00:00:00;10120;116;7;0;123;10243;544;33;0;0;33;577;203;27;0;0;27;230
2021-04-02 00:00:00;7769;107;8;0;115;7884;554;41;0;0;41;595;210;28;0;0;28;238
2021-04-03 00:00:00;9869;108;15;0;123;9992;676;47;0;0;47;723;193;42;0;0;42;235
2021-04-04 00:00:00;6956;107;18;0;125;7081;621;27;0;0;27;648;256;33;0;0;33;289
2021-04-05 00:00:00;13212;115;19;0;134;13346;655;50;0;0;50;705;279;40;0;0;40;319
2021-04-06 00:00:00;16214;111;23;0;134;16348;769;75;0;0;75;844;277;31;0;0;31;308
2021-04-07 00:00:00;17084;121;23;0;144;17228;695;72;0;0;72;767;277;55;0;0;55;332
2021-04-08 00:00:00;16883;127;24;0;151;17034;751;61;0;0;61;812;287;34;0;0;34;321
2021-04-09 00:00:00;16874;106;23;0;129;17003;714;41;1;0;42;756;326;56;0;0;56;382
2021-04-10 00:00:00;14523;139;25;0;164;14687;709;59;1;0;60;769;297;65;1;0;66;363
2021-04-11 00:00:00;12355;132;51;0;183;12538;690;68;2;0;70;760;284;56;0;0;56;340
2021-04-12 00:00:00;18150;168;65;0;233;18383;793;82;4;0;86;879;342;74;1;0;75;417
2021-04-13 00:00:00;18639;150;65;0;215;18854;790;73;4;0;77;867;365;86;2;0;88;453
2021-04-14 00:00:00;18553;154;74;0;228;18781;767;68;4;0;72;839;396;65;1;0;66;462
2021-04-15 00:00:00;16534;186;83;0;269;16803;870;88;2;0;90;960;351;97;1;0;98;449
2021-04-16 00:00:00;17980;178;84;0;262;18242;907;91;6;0;97;1004;376;85;2;0;87;463
2021-04-17 00:00:00;16554;159;110;0;269;16823;918;74;2;0;76;994;396;97;6;0;103;499
2021-04-18 00:00:00;10752;144;88;0;232;10984;811;63;2;0;65;876;387;87;2;0;89;476
2021-04-19 00:00:00;18629;191;118;0;309;18938;1018;80;3;0;83;1101;442;84;2;0;86;528
2021-04-20 00:00:00;20061;171;112;0;283;20344;973;69;4;0;73;1046;408;104;4;0;108;516
2021-04-21 00:00:00;19379;138;100;0;238;19617;914;76;10;0;86;1000;461;106;4;0;110;571
2021-04-22 00:00:00;19299;132;124;0;256;19555;973;77;10;0;87;1060;434;94;10;0;104;538
2021-04-23 00:00:00;19539;112;99;0;211;19750;841;64;19;0;83;924;399;99;16;0;115;514
2021-04-24 00:00:00;16893;121;106;0;227;17120;824;47;20;0;67;891;386;100;23;0;123;509
2021-04-25 00:00:00;11161;112;132;0;244;11405;761;48;18;0;66;827;360;77;23;0;100;460
2021-04-26 00:00:00;18948;160;163;0;323;19271;915;75;18;0;93;1008;421;97;21;0;118;539
2021-04-27 00:00:00;19946;127;145;0;272;20218;938;43;24;0;67;1005;424;82;23;0;105;529
2021-04-28 00:00:00;17042;121;111;0;232;17274;832;47;15;0;62;894;442;85;29;0;114;556
2021-04-29 00:00:00;17718;121;171;0;292;18010;859;34;26;0;60;919;415;85;18;0;103;518
2021-04-30 00:00:00;18123;139;167;0;306;18429;704;43;20;0;63;767;422;75;17;0;92;514
2021-05-01 00:00:00;11767;145;186;0;331;12098;731;51;26;0;77;808;445;91;20;0;111;556
2021-05-02 00:00:00;9848;120;154;0;274;10122;679;51;18;0;69;748;431;92;37;0;129;560
2021-05-03 00:00:00;17231;177;245;0;422;17653;845;57;30;0;87;932;449;68;26;0;94;543
2021-05-04 00:00:00;17240;148;223;0;371;17611;819;42;30;0;72;891;389;84;36;0;120;509
2021-05-05 00:00:00;14681;138;252;0;390;15071;779;61;40;0;101;880;452;79;27;0;106;558
2021-05-06 00:00:00;17033;155;325;0;480;17513;766;54;28;0;82;848;431;84;28;0;112;543
2021-05-07 00:00:00;17091;177;311;0;488;17579;809;52;32;0;84;893;461;89;33;0;122;583
2021-05-08 00:00:00;15355;157;234;0;391;15746;786;52;38;0;90;876;423;74;35;0;109;532
2021-05-09 00:00:00;10048;159;298;0;457;10505;694;34;27;0;61;755;413;65;26;0;91;504
2021-05-10 00:00:00;18434;189;449;0;638;19072;980;64;45;0;109;1089;476;69;31;0;100;576
2021-05-11 00:00:00;18306;155;377;0;532;18838;923;43;43;0;86;1009;472;74;29;0;103;575
2021-05-12 00:00:00;16307;137;412;0;549;16856;876;47;36;0;83;959;444;56;45;0;101;545
2021-05-13 00:00:00;16999;167;412;0;579;17578;1009;54;44;0;98;1107;447;61;27;0;88;535
2021-05-14 00:00:00;17815;149;419;0;568;18383;963;54;51;0;105;1068;452;79;31;0;110;562
2021-05-15 00:00:00;14364;159;358;0;517;14881;832;44;34;0;78;910;437;64;33;0;97;534
2021-05-16 00:00:00;10315;149;394;0;543;10858;971;41;42;0;83;1054;448;55;34;0;89;537
2021-05-17 00:00:00;10275;147;364;0;511;10786;1333;41;47;0;88;1421;448;58;30;0;88;536
2021-05-18 00:00:00;18447;191;509;0;700;19147;1172;38;73;0;111;1283;458;59;47;0;106;564
2021-05-19 00:00:00;18000;196;497;0;693;18693;969;62;65;0;127;1096;461;68;34;0;102;563
2021-05-20 00:00:00;20576;225;625;0;850;21426;1048;41;70;0;111;1159;446;46;38;0;84;530
2021-05-21 00:00:00;22574;224;573;0;797;23371;923;55;60;0;115;1038;483;65;47;0;112;595
2021-05-22 00:00:00;18249;211;530;0;741;18990;758;47;65;0;112;870;429;76;38;0;114;543
2021-05-23 00:00:00;14030;207;519;0;726;14756;765;52;61;0;113;878;466;60;51;0;111;577
2021-05-24 00:00:00;23669;266;658;0;924;24593;903;64;59;0;123;1026;442;63;39;0;102;544
2021-05-25 00:00:00;23378;276;744;0;1020;24398;955;53;65;0;118;1073;421;53;43;0;96;517
2021-05-26 00:00:00;24518;282;722;0;1004;25522;901;53;69;0;122;1023;466;70;41;0;111;577
2021-05-27 00:00:00;23412;302;719;0;1021;24433;907;54;61;0;115;1022;460;57;47;0;104;564
2021-05-28 00:00:00;23372;343;862;0;1205;24577;720;57;58;0;115;835;498;74;51;0;125;623
2021-05-29 00:00:00;22689;336;750;0;1086;23775;638;50;49;0;99;737;442;75;57;0;132;574
2021-05-30 00:00:00;14293;292;622;0;914;15207;620;49;64;0;113;733;444;76;65;0;141;585
2021-05-31 00:00:00;24559;423;897;0;1320;25879;713;51;55;0;106;819;507;70;44;0;114;621
2021-06-01 00:00:00;26218;507;989;0;1496;27714;803;67;51;0;118;921;441;80;50;0;130;571
2021-06-02 00:00:00;29469;396;890;0;1286;30755;742;64;70;0;134;876;452;87;59;0;146;598
2021-06-03 00:00:00;29318;406;867;0;1273;30591;625;62;57;0;119;744;475;79;48;0;127;602
2021-06-04 00:00:00;28662;508;920;0;1428;30090;728;79;74;0;153;881;469;75;67;0;142;611
2021-06-05 00:00:00;24738;518;926;0;1444;26182;689;82;84;0;166;855;482;83;58;0;141;623
2021-06-06 00:00:00;16474;539;954;0;1493;17967;747;77;77;0;154;901;453;83;75;0;158;611
2021-06-07 00:00:00;17374;508;996;0;1504;18878;611;57;58;0;115;726;463;92;63;0;155;618
2021-06-08 00:00:00;29956;714;1168;0;1882;31838;776;83;66;0;149;925;476;84;47;0;131;607
2021-06-09 00:00:00;30755;607;1049;0;1656;32411;823;96;63;0;159;982;519;80;66;0;146;665
2021-06-10 00:00:00;29074;773;1331;0;2104;31178;871;116;82;0;198;1069;497;97;67;0;164;661
2021-06-11 00:00:00;29973;804;1166;0;1970;31943;816;82;78;0;160;976;488;104;67;0;171;659
2021-06-12 00:00:00;26676;868;1133;0;2001;28677;721;95;71;0;166;887;470;119;75;0;194;664
2021-06-13 00:00:00;17321;766;967;0;1733;19054;745;95;73;0;168;913;490;115;68;0;183;673
2021-06-14 00:00:00;16708;916;1156;0;2072;18780;746;91;66;0;157;903;496;120;62;0;182;678
2021-06-15 00:00:00;31074;1157;1511;0;2668;33742;898;138;94;0;232;1130;481;117;64;0;181;662
2021-06-16 00:00:00;29966;1078;1315;0;2393;32359;844;126;104;0;230;1074;469;118;78;0;196;665
2021-06-17 00:00:00;28939;1185;1354;0;2539;31478;777;124;81;0;205;982;474;138;61;0;199;673
2021-06-18 00:00:00;26739;1209;1309;0;2518;29257;719;105;85;0;190;909;429;114;77;0;191;620
2021-06-19 00:00:00;25484;1073;1148;0;2221;27705;732;122;90;0;212;944;480;123;71;0;194;674
2021-06-20 00:00:00;17222;1051;1113;0;2164;19386;608;104;75;0;179;787;481;131;71;0;202;683
2021-06-21 00:00:00;30523;1224;1311;0;2535;33058;782;134;96;0;230;1012;527;113;76;0;189;716
2021-06-22 00:00:00;28802;1287;1350;0;2637;31439;714;113;103;0;216;930;461;136;75;0;211;672
2021-06-23 00:00:00;31508;1150;1257;0;2407;33915;697;106;90;0;196;893;463;140;78;0;218;681
2021-06-24 00:00:00;30804;1122;1272;0;2394;33198;686;132;107;0;239;925;483;128;82;0;210;693
2021-06-25 00:00:00;31591;1245;1327;0;2572;34163;646;145;95;0;240;886;468;114;84;0;198;666
2021-06-26 00:00:00;27064;1121;1136;0;2257;29321;641;112;87;0;199;840;399;129;64;0;193;592
2021-06-27 00:00:00;17608;909;954;0;1863;19471;580;92;89;0;181;761;372;121;92;0;213;585
2021-06-28 00:00:00;29101;1111;1251;0;2362;31463;690;127;111;0;238;928;448;137;77;0;214;662
2021-06-29 00:00:00;29888;1030;1159;0;2189;32077;685;114;89;0;203;888;444;151;87;0;238;682
2021-06-30 00:00:00;27248;844;1089;0;1933;29181;604;90;100;0;190;794;435;114;91;0;205;640
2021-07-01 00:00:00;26894;839;1067;0;1906;28800;626;97;92;0;189;815;393;135;98;0;233;626
2021-07-02 00:00:00;24886;891;1125;0;2016;26902;544;68;102;0;170;714;390;139;90;0;229;619
2021-07-03 00:00:00;22149;854;1027;0;1881;24030;548;75;97;0;172;720;425;139;82;0;221;646
2021-07-04 00:00:00;14341;818;1107;0;1925;16266;501;61;89;0;150;651;390;123;100;0;223;613
2021-07-05 00:00:00;13773;842;1124;0;1966;15739;490;76;80;0;156;646;436;115;70;0;185;621
2021-07-06 00:00:00;22141;924;1236;0;2160;24301;606;74;109;0;183;789;407;116;111;0;227;634
2021-07-07 00:00:00;21403;881;1202;0;2083;23486;558;80;101;0;181;739;394;112;97;0;209;603
2021-07-08 00:00:00;20044;838;1158;0;1996;22040;524;77;102;0;179;703;405;116;77;0;193;598
2021-07-09 00:00:00;20035;818;1242;0;2060;22095;446;77;81;0;158;604;345;80;81;0;161;506
2021-07-10 00:00:00;17190;849;1211;0;2060;19250;405;54;86;0;140;545;337;108;89;0;197;534
2021-07-11 00:00:00;11372;675;1137;0;1812;13184;345;64;89;0;153;498;329;101;98;0;199;528
2021-07-12 00:00:00;16696;763;1337;0;2100;18796;426;61;101;0;162;588;358;89;91;0;180;538
2021-07-13 00:00:00;17102;697;1189;0;1886;18988;390;50;80;0;130;520;367;94;73;0;167;534
2021-07-14 00:00:00;16394;558;997;0;1555;17949;343;55;77;0;132;475;330;91;86;0;177;507
2021-07-15 00:00:00;15265;586;1117;0;1703;16968;361;35;77;0;112;473;363;83;78;0;161;524
2021-07-16 00:00:00;16006;533;946;0;1479;17485;383;53;88;0;141;524;341;80;93;0;173;514
2021-07-17 00:00:00;12628;512;844;0;1356;13984;327;29;67;0;96;423;281;70;78;0;148;429
2021-07-18 00:00:00;7469;493;863;0;1356;8825;297;38;51;0;89;386;311;74;68;0;142;453
2021-07-19 00:00:00;11939;541;963;0;1504;13443;260;37;48;0;85;345;256;68;64;0;132;388
2021-07-20 00:00:00;6504;505;824;0;1329;7833;263;41;51;0;92;355;283;57;67;0;124;407
2021-07-21 00:00:00;10065;458;813;0;1271;11336;329;36;89;0;125;454;289;53;69;0;122;411
2021-07-22 00:00:00;10846;508;885;0;1393;12239;284;43;59;0;102;386;252;60;65;0;125;377
2021-07-23 00:00:00;10533;459;871;0;1330;11863;292;47;83;0;130;422;265;54;48;0;102;367
2021-07-24 00:00:00;8871;451;821;0;1272;10143;221;33;71;0;104;325;235;44;58;0;102;337
2021-07-25 00:00:00;4596;418;750;0;1168;5764;203;36;62;0;98;301;203;51;70;0;121;324
2021-07-26 00:00:00;7453;537;980;0;1517;8970;237;25;67;0;92;329;216;34;76;0;110;326
2021-07-27 00:00:00;7129;450;817;0;1267;8396;212;24;73;0;97;309;239;49;61;0;110;349
2021-07-28 00:00:00;7525;375;746;0;1121;8646;199;36;60;0;96;295;229;43;71;0;114;343
2021-07-29 00:00:00;7611;375;722;0;1097;8708;214;28;62;0;90;304;204;54;70;0;124;328
2021-07-30 00:00:00;7162;405;787;0;1192;8354;171;20;55;0;75;246;178;34;50;0;84;262
2021-07-31 00:00:00;5539;316;638;0;954;6493;160;24;46;0;70;230;190;33;56;0;89;279
2021-08-01 00:00:00;3321;276;564;0;840;4161;116;12;32;0;44;160;185;34;74;0;108;293
2021-08-02 00:00:00;4997;325;675;0;1000;5997;163;17;31;0;48;211;181;44;50;0;94;275
2021-08-03 00:00:00;4982;254;667;0;921;5903;130;20;46;0;66;196;139;33;55;0;88;227
2021-08-04 00:00:00;4990;254;553;0;807;5797;124;23;41;0;64;188;145;22;44;0;66;211
2021-08-05 00:00:00;4819;261;628;0;889;5708;97;14;47;0;61;158;138;21;50;0;71;209
2021-08-06 00:00:00;4658;255;631;0;886;5544;104;20;38;0;58;162;158;29;51;0;80;238
2021-08-07 00:00:00;2948;214;535;0;749;3697;121;22;48;0;70;191;153;22;42;0;64;217
2021-08-08 00:00:00;1392;222;506;0;728;2120;113;17;30;0;47;160;110;21;43;0;64;174
2021-08-09 00:00:00;3097;249;584;0;833;3930;127;15;44;0;59;186;145;19;38;0;57;202
2021-08-10 00:00:00;3548;202;499;0;701;4249;107;18;42;0;60;167;116;23;53;0;76;192
2021-08-11 00:00:00;3726;169;431;0;600;4326;82;20;34;0;54;136;127;17;35;0;52;179
2021-08-12 00:00:00;3276;140;403;0;543;3819;100;14;32;0;46;146;105;29;39;0;68;173
2021-08-13 00:00:00;3311;196;457;0;653;3964;88;11;36;0;47;135;99;14;39;0;53;152
2021-08-14 00:00:00;2246;190;407;0;597;2843;59;15;25;0;40;99;111;10;30;0;40;151
2021-08-15 00:00:00;1231;186;374;0;560;1791;71;7;23;0;30;101;112;14;28;0;42;154
2021-08-16 00:00:00;785;192;439;0;631;1416;69;8;39;0;47;116;98;18;29;0;47;145
2021-08-17 00:00:00;1937;204;483;0;687;2624;107;14;41;0;55;162;97;8;32;0;40;137
2021-08-18 00:00:00;2225;186;441;0;627;2852;76;10;36;0;46;122;90;11;40;0;51;141
2021-08-19 00:00:00;2362;205;518;0;723;3085;74;8;22;0;30;104;88;9;35;0;44;132
2021-08-20 00:00:00;2148;233;515;0;748;2896;51;7;27;0;34;85;98;16;24;0;40;138
2021-08-21 00:00:00;1717;180;411;0;591;2308;51;10;33;0;43;94;90;12;29;0;41;131
2021-08-22 00:00:00;928;125;362;0;487;1415;41;5;21;0;26;67;70;9;35;0;44;114
2021-08-23 00:00:00;1695;199;437;0;636;2331;51;4;29;0;33;84;104;10;28;0;38;142
2021-08-24 00:00:00;1513;181;399;0;580;2093;46;3;30;0;33;79;80;11;25;0;36;116
2021-08-25 00:00:00;1491;157;430;0;587;2078;50;9;23;0;32;82;75;10;21;0;31;106
2021-08-26 00:00:00;1701;187;429;0;616;2317;73;4;33;0;37;110;61;7;24;0;31;92
2021-08-27 00:00:00;1561;163;424;0;587;2148;34;6;29;0;35;69;80;8;23;0;31;111
2021-08-28 00:00:00;1488;123;319;0;442;1930;41;6;27;0;33;74;70;4;23;0;27;97
2021-08-29 00:00:00;464;118;287;0;405;869;36;5;25;0;30;66;71;11;23;0;34;105
2021-08-30 00:00:00;1178;146;348;0;494;1672;51;13;17;0;30;81;60;6;14;0;20;80
2021-08-31 00:00:00;1282;132;336;0;468;1750;42;5;19;0;24;66;74;10;18;0;28;102
2021-09-01 00:00:00;1121;169;392;0;561;1682;33;4;23;0;27;60;65;10;10;0;20;85
2021-09-02 00:00:00;1032;174;405;0;579;1611;34;3;16;0;19;53;46;8;25;0;33;79
2021-09-03 00:00:00;1296;161;348;0;509;1805;41;5;17;0;22;63;60;9;18;0;27;87
2021-09-04 00:00:00;910;156;325;0;481;1391;31;3;16;0;19;50;46;8;13;0;21;67
2021-09-05 00:00:00;248;140;285;0;425;673;32;2;17;0;19;51;39;4;28;0;32;71
2021-09-06 00:00:00;667;190;429;0;619;1286;44;6;22;0;28;72;37;8;12;0;20;57
2021-09-07 00:00:00;828;157;411;0;568;1396;43;5;11;0;16;59;69;9;17;0;26;95
2021-09-08 00:00:00;1162;148;366;0;514;1676;33;3;20;0;23;56;51;6;18;0;24;75
2021-09-09 00:00:00;972;181;423;0;604;1576;32;9;14;0;23;55;65;5;21;0;26;91
2021-09-10 00:00:00;1087;167;430;0;597;1684;31;4;24;0;28;59;44;3;19;0;22;66
2021-09-11 00:00:00;848;143;378;0;521;1369;34;6;16;0;22;56;59;8;24;0;32;91
2021-09-12 00:00:00;128;157;384;0;541;669;19;4;16;0;20;39;63;2;14;0;16;79
2021-09-13 00:00:00;545;182;502;0;684;1229;35;8;24;0;32;67;56;5;15;0;20;76
2021-09-14 00:00:00;932;172;453;0;625;1557;32;3;20;0;23;55;62;5;16;0;21;83
2021-09-15 00:00:00;1031;172;430;0;602;1633;41;6;22;0;28;69;48;5;12;0;17;65
2021-09-16 00:00:00;1040;175;431;0;606;1646;32;7;26;0;33;65;55;1;19;0;20;75
2021-09-17 00:00:00;865;215;430;0;645;1510;29;2;17;0;19;48;36;3;22;0;25;61
2021-09-18 00:00:00;678;160;415;0;575;1253;31;7;12;0;19;50;45;6;16;0;22;67
2021-09-19 00:00:00;108;167;397;1;565;673;42;3;18;0;21;63;43;4;15;0;19;62
2021-09-20 00:00:00;527;218;498;0;716;1243;35;8;22;0;30;65;54;3;15;0;18;72
2021-09-21 00:00:00;850;205;477;0;682;1532;39;2;18;0;20;59;48;5;18;0;23;71
2021-09-22 00:00:00;877;181;437;0;618;1495;24;2;17;0;19;43;55;4;14;0;18;73
2021-09-23 00:00:00;986;172;462;0;634;1620;30;5;19;0;24;54;54;2;16;0;18;72
2021-09-24 00:00:00;885;183;422;0;605;1490;34;1;15;0;16;50;53;9;15;0;24;77
2021-09-25 00:00:00;692;136;364;0;500;1192;15;6;17;0;23;38;26;5;17;0;22;48
2021-09-26 00:00:00;211;163;330;0;493;704;31;3;18;0;21;52;48;10;16;0;26;74
2021-09-27 00:00:00;716;161;374;0;535;1251;31;4;38;0;42;73;58;3;17;0;20;78
2021-09-28 00:00:00;950;172;403;0;575;1525;34;4;22;0;26;60;20;3;22;0;25;45
2021-09-29 00:00:00;929;165;440;0;605;1534;27;3;16;0;19;46;47;6;13;0;19;66
2021-09-30 00:00:00;998;182;509;0;691;1689;20;3;24;0;27;47;47;2;10;0;12;59
2021-10-01 00:00:00;799;191;478;0;669;1468;21;3;13;0;16;37;56;5;8;0;13;69
2021-10-02 00:00:00;661;135;405;0;540;1201;13;2;13;0;15;28;57;6;14;0;20;77
2021-10-03 00:00:00;135;120;394;0;514;649;22;3;15;0;18;40;41;2;13;0;15;56
2021-10-04 00:00:00;653;181;460;0;641;1294;22;7;24;0;31;53;53;2;13;0;15;68
2021-10-05 00:00:00;862;136;479;0;615;1477;21;8;22;0;30;51;59;5;18;0;23;82
2021-10-06 00:00:00;997;157;464;0;621;1618;24;8;18;0;26;50;45;0;13;0;13;58
2021-10-07 00:00:00;831;183;474;0;657;1488;31;4;17;0;21;52;44;2;14;0;16;60
2021-10-08 00:00:00;909;210;506;0;716;1625;33;5;16;0;21;54;57;3;12;0;15;72
2021-10-09 00:00:00;811;129;323;0;452;1263;22;2;13;0;15;37;49;2;13;0;15;64
2021-10-10 00:00:00;22;169;404;0;573;595;23;3;19;0;22;45;49;4;15;0;19;68
2021-10-11 00:00:00;603;177;454;0;631;1234;39;4;21;0;25;64;59;4;18;0;22;81
2021-10-12 00:00:00;890;158;475;0;633;1523;36;7;15;0;22;58;41;6;15;0;21;62
2021-10-13 00:00:00;977;133;399;0;532;1509;21;0;23;0;23;44;50;1;11;0;12;62
2021-10-14 00:00:00;1106;130;343;0;473;1579;29;4;9;0;13;42;50;5;15;0;20;70
2021-10-15 00:00:00;871;135;483;0;618;1489;26;6;19;0;25;51;47;3;15;0;18;65
2021-10-16 00:00:00;674;167;443;0;610;1284;15;3;25;0;28;43;55;7;13;0;20;75
2021-10-17 00:00:00;259;129;359;0;488;747;21;2;20;0;22;43;42;1;10;0;11;53
2021-10-18 00:00:00;248;114;339;0;453;701;24;8;17;0;25;49;38;3;14;0;17;55
2021-10-19 00:00:00;898;134;407;0;541;1439;25;3;21;0;24;49;46;5;15;0;20;66
2021-10-20 00:00:00;1223;98;340;0;438;1661;15;5;17;0;22;37;41;2;13;0;15;56
2021-10-21 00:00:00;1372;105;287;0;392;1764;20;1;14;0;15;35;56;5;14;0;19;75
2021-10-22 00:00:00;1210;81;220;0;301;1511;18;3;10;0;13;31;39;6;13;0;19;58
2021-10-23 00:00:00;1445;48;114;0;162;1607;15;2;16;0;18;33;44;2;12;0;14;58
2021-10-24 00:00:00;748;31;70;0;101;849;9;1;12;0;13;22;53;4;20;0;24;77
2021-10-25 00:00:00;1398;21;88;0;109;1507;9;1;6;0;7;16;35;6;23;0;29;64
2021-10-26 00:00:00;1931;26;68;0;94;2025;4;1;1;0;2;6;39;4;18;0;22;61
2021-10-27 00:00:00;1927;3;7;0;10;1937;0;0;1;0;1;1;44;6;19;1;26;70
2021-10-28 00:00:00;1806;0;0;0;0;1806;0;0;0;0;0;0;35;3;14;0;17;52
2021-10-29 00:00:00;1737;0;0;0;0;1737;0;0;0;0;0;0;45;0;18;1;19;64
2021-10-30 00:00:00;1614;0;0;0;0;1614;0;0;0;0;0;0;42;5;10;0;15;57
2021-10-31 00:00:00;777;0;0;0;0;777;0;0;0;0;0;0;49;2;15;0;17;66
2021-11-01 00:00:00;631;0;0;0;0;631;0;0;0;0;0;0;47;6;17;0;23;70
2021-11-02 00:00:00;1445;0;0;0;0;1445;0;0;0;0;0;0;50;0;0;0;0;50
2021-11-03 00:00:00;1674;0;0;0;0;1674;0;0;0;0;0;0;63;0;0;0;0;63
2021-11-04 00:00:00;1862;0;0;0;0;1862;0;0;0;0;0;0;49;0;0;0;0;49
2021-11-05 00:00:00;1760;0;0;0;0;1760;0;0;0;0;0;0;50;0;0;0;0;50
2021-11-06 00:00:00;864;0;0;0;0;864;0;0;0;0;0;0;58;0;0;0;0;58
2021-11-07 00:00:00;228;0;0;0;0;228;0;0;0;0;0;0;45;0;0;0;0;45
